date,environment_type,cto,fy24_avg_daily_spend,fy25_avg_daily_spend,fy26_ytd_avg_daily_spend,fy26_forecasted_avg_daily_spend,fy26_avg_daily_spend,daily_cost
2025-02-01,PROD,Technology,1565.78,1694.72,1786.83,1842.09,1814.46,1847.98
2025-02-01,PROD,Engineering,1629.2,1763.37,1859.2,1916.7,1887.95,1935.37
2025-02-01,PROD,Infrastructure,1475.85,1597.39,1684.21,1736.3,1710.25,1752.28
2025-02-01,NON-PROD,Technology,623.42,674.76,711.43,733.44,722.44,801.36
2025-02-01,NON-PROD,Engineering,743.84,805.1,848.86,875.11,861.98,849.97
2025-02-01,NON-PROD,Infrastructure,655.41,709.38,747.93,771.07,759.5,777.69
2025-02-02,PROD,Technology,1464.28,1584.87,1671.01,1723.45,1697.23,1891.67
2025-02-02,PROD,Engineering,1354.86,1466.43,1546.13,1594.66,1570.39,1491.0
2025-02-02,PROD,Infrastructure,1535.05,1661.47,1751.76,1806.74,1779.25,1886.91
2025-02-02,NON-PROD,Technology,659.15,713.43,752.2,775.81,764.01,832.75
2025-02-02,NON-PROD,Engineering,830.43,898.82,947.67,977.41,962.54,956.7
2025-02-02,NON-PROD,Infrastructure,821.88,889.57,937.91,967.35,952.63,901.01
2025-02-03,PROD,Technology,2073.5,2244.26,2366.23,2441.58,2403.91,2285.57
2025-02-03,PROD,Engineering,1909.64,2066.9,2179.24,2248.63,2213.93,2277.24
2025-02-03,PROD,Infrastructure,2077.02,2248.07,2370.25,2445.72,2407.99,2432.09
2025-02-03,NON-PROD,Technology,907.9,982.67,1036.07,1069.06,1052.57,1071.18
2025-02-03,NON-PROD,Engineering,917.71,993.28,1047.26,1080.61,1063.94,1089.81
2025-02-03,NON-PROD,Infrastructure,968.35,1048.1,1105.06,1140.25,1122.66,1091.87
2025-02-04,PROD,Technology,2016.0,2182.02,2300.61,2374.92,2337.77,2236.22
2025-02-04,PROD,Engineering,2083.68,2255.27,2377.84,2454.65,2416.25,2343.43
2025-02-04,PROD,Infrastructure,2088.53,2260.52,2383.38,2460.37,2421.87,2489.25
2025-02-04,NON-PROD,Technology,958.82,1037.78,1094.18,1129.53,1111.85,1217.1
2025-02-04,NON-PROD,Engineering,1045.1,1131.17,1192.65,1231.17,1211.91,1331.14
2025-02-04,NON-PROD,Infrastructure,985.58,1066.75,1124.73,1161.06,1142.89,1267.72
2025-02-05,PROD,Technology,2163.25,2341.4,2468.65,2549.52,2509.09,2597.63
2025-02-05,PROD,Engineering,2226.28,2409.62,2540.58,2623.81,2582.19,2493.86
2025-02-05,PROD,Infrastructure,2061.62,2231.4,2352.67,2429.74,2391.21,2641.99
2025-02-05,NON-PROD,Technology,988.22,1069.61,1127.74,1164.68,1146.21,1278.3
2025-02-05,NON-PROD,Engineering,857.61,928.23,978.68,1010.74,994.71,1002.11
2025-02-05,NON-PROD,Infrastructure,1157.14,1252.43,1320.5,1363.76,1342.13,1283.19
2025-02-06,PROD,Technology,2112.59,2286.57,2410.84,2490.92,2450.88,2566.69
2025-02-06,PROD,Engineering,2222.86,2405.92,2536.68,2620.94,2578.81,2869.29
2025-02-06,PROD,Infrastructure,2272.14,2459.26,2592.91,2679.04,2635.98,2518.45
2025-02-06,NON-PROD,Technology,1140.3,1234.2,1301.28,1344.51,1322.89,1402.05
2025-02-06,NON-PROD,Engineering,958.5,1037.44,1093.82,1130.16,1111.99,1018.0
2025-02-06,NON-PROD,Infrastructure,1183.33,1280.78,1350.39,1395.25,1372.82,1521.71
2025-02-07,PROD,Technology,2009.82,2175.33,2293.56,2370.8,2332.18,2133.4
2025-02-07,PROD,Engineering,1928.72,2087.55,2201.01,2275.13,2238.07,2476.41
2025-02-07,PROD,Infrastructure,1910.1,2067.41,2179.77,2253.17,2216.47,2228.86
2025-02-07,NON-PROD,Technology,1131.19,1224.34,1290.88,1334.35,1312.62,1346.85
2025-02-07,NON-PROD,Engineering,927.14,1003.5,1058.04,1093.67,1075.85,1079.18
2025-02-07,NON-PROD,Infrastructure,1171.56,1268.04,1336.95,1381.98,1359.47,1411.39
2025-02-08,PROD,Technology,1531.8,1657.95,1748.06,1807.73,1777.89,1854.43
2025-02-08,PROD,Engineering,1592.6,1723.75,1817.44,1879.48,1848.46,1944.16
2025-02-08,PROD,Infrastructure,1535.81,1662.29,1752.63,1812.46,1782.54,1858.79
2025-02-08,NON-PROD,Technology,799.9,865.77,912.83,943.99,928.41,946.39
2025-02-08,NON-PROD,Engineering,626.4,677.99,714.84,739.24,727.04,783.27
2025-02-08,NON-PROD,Infrastructure,676.2,731.88,771.66,798.0,784.83,842.11
2025-02-09,PROD,Technology,1593.4,1724.62,1818.35,1881.25,1849.8,1775.32
2025-02-09,PROD,Engineering,1576.09,1705.89,1798.6,1860.82,1829.71,1858.36
2025-02-09,PROD,Infrastructure,1351.67,1462.99,1542.5,1595.86,1569.18,1732.01
2025-02-09,NON-PROD,Technology,722.34,781.83,824.32,852.83,838.58,769.05
2025-02-09,NON-PROD,Engineering,724.0,783.63,826.22,854.8,840.51,814.51
2025-02-09,NON-PROD,Infrastructure,650.1,703.64,741.88,767.55,754.71,812.96
2025-02-10,PROD,Technology,2278.1,2465.7,2599.71,2690.83,2645.27,2624.34
2025-02-10,PROD,Engineering,2129.04,2304.37,2429.61,2514.77,2472.19,2444.83
2025-02-10,PROD,Infrastructure,2224.19,2407.36,2538.2,2627.16,2582.68,2868.67
2025-02-10,NON-PROD,Technology,895.05,968.76,1021.41,1057.21,1039.31,1058.21
2025-02-10,NON-PROD,Engineering,1051.29,1137.87,1199.71,1241.76,1220.74,1201.9
2025-02-10,NON-PROD,Infrastructure,1077.33,1166.06,1229.43,1272.52,1250.98,1383.8
2025-02-11,PROD,Technology,1885.57,2040.85,2151.77,2228.18,2189.97,2254.26
2025-02-11,PROD,Engineering,2363.34,2557.97,2696.99,2792.75,2744.87,2873.07
2025-02-11,PROD,Infrastructure,2007.61,2172.94,2291.03,2372.39,2331.71,2579.95
2025-02-11,NON-PROD,Technology,878.18,950.51,1002.16,1037.75,1019.96,947.19
2025-02-11,NON-PROD,Engineering,954.05,1032.62,1088.74,1127.4,1108.07,1037.69
2025-02-11,NON-PROD,Infrastructure,1056.12,1143.1,1205.22,1248.02,1226.62,1199.48
2025-02-12,PROD,Technology,1970.18,2132.43,2248.32,2329.19,2288.75,2288.27
2025-02-12,PROD,Engineering,2068.98,2239.36,2361.07,2445.99,2403.53,2682.92
2025-02-12,PROD,Infrastructure,2217.42,2400.03,2530.47,2621.48,2575.97,2860.08
2025-02-12,NON-PROD,Technology,1010.43,1093.64,1153.08,1194.55,1173.81,1297.65
2025-02-12,NON-PROD,Engineering,1077.91,1166.67,1230.08,1274.32,1252.2,1315.91
2025-02-12,NON-PROD,Infrastructure,1011.69,1095.01,1154.52,1196.04,1175.28,1227.55
2025-02-13,PROD,Technology,2137.33,2313.35,2439.07,2527.92,2483.49,2459.73
2025-02-13,PROD,Engineering,2299.22,2488.57,2623.81,2719.39,2671.6,2935.3
2025-02-13,PROD,Infrastructure,2216.38,2398.91,2529.28,2621.41,2575.35,2382.83
2025-02-13,NON-PROD,Technology,1157.3,1252.61,1320.68,1368.79,1344.74,1498.87
2025-02-13,NON-PROD,Engineering,1147.2,1241.67,1309.15,1356.84,1333.0,1395.73
2025-02-13,NON-PROD,Infrastructure,899.36,973.43,1026.33,1063.72,1045.02,1091.38
2025-02-14,PROD,Technology,2029.98,2197.16,2316.57,2402.02,2359.29,2392.19
2025-02-14,PROD,Engineering,1998.0,2162.54,2280.07,2364.17,2322.12,2378.43
2025-02-14,PROD,Infrastructure,1899.9,2056.37,2168.12,2248.09,2208.11,2205.96
2025-02-14,NON-PROD,Technology,908.95,983.8,1037.27,1075.53,1056.4,1104.99
2025-02-14,NON-PROD,Engineering,1143.5,1237.67,1304.93,1353.06,1329.0,1416.35
2025-02-14,NON-PROD,Infrastructure,893.99,967.62,1020.21,1057.84,1039.02,1127.68
2025-02-15,PROD,Technology,1587.72,1718.48,1811.87,1879.53,1845.7,1754.8
2025-02-15,PROD,Engineering,1330.12,1439.66,1517.9,1574.59,1546.25,1676.29
2025-02-15,PROD,Infrastructure,1579.81,1709.91,1802.84,1870.16,1836.5,1848.4
2025-02-15,NON-PROD,Technology,819.69,887.19,935.41,970.34,952.88,1006.54
2025-02-15,NON-PROD,Engineering,636.88,689.33,726.79,753.93,740.36,817.0
2025-02-15,NON-PROD,Infrastructure,704.47,762.48,803.92,833.94,818.93,877.05
2025-02-16,PROD,Technology,1423.7,1540.94,1624.69,1686.1,1655.4,1649.8
2025-02-16,PROD,Engineering,1524.97,1650.56,1740.27,1806.05,1773.16,1959.66
2025-02-16,PROD,Infrastructure,1509.03,1633.31,1722.07,1787.17,1754.62,1907.93
2025-02-16,NON-PROD,Technology,600.55,650.01,685.33,711.24,698.29,694.44
2025-02-16,NON-PROD,Engineering,775.34,839.19,884.8,918.25,901.52,980.68
2025-02-16,NON-PROD,Infrastructure,703.35,761.28,802.65,832.99,817.82,814.85
2025-02-17,PROD,Technology,2318.05,2508.95,2645.3,2746.51,2695.91,2899.29
2025-02-17,PROD,Engineering,2184.46,2364.35,2492.85,2588.22,2540.54,2379.12
2025-02-17,PROD,Infrastructure,2191.32,2371.78,2500.68,2596.35,2548.51,2472.18
2025-02-17,NON-PROD,Technology,1105.12,1196.13,1261.14,1309.39,1285.26,1335.4
2025-02-17,NON-PROD,Engineering,1059.23,1146.46,1208.76,1255.01,1231.89,1192.31
2025-02-17,NON-PROD,Infrastructure,921.95,997.88,1052.11,1092.37,1072.24,1148.14
2025-02-18,PROD,Technology,2039.1,2207.03,2326.97,2417.07,2372.02,2431.39
2025-02-18,PROD,Engineering,2227.09,2410.49,2541.5,2639.9,2590.7,2894.61
2025-02-18,PROD,Infrastructure,2245.55,2430.48,2562.57,2661.79,2612.18,2659.64
2025-02-18,NON-PROD,Technology,961.62,1040.81,1097.37,1139.86,1118.62,1233.84
2025-02-18,NON-PROD,Engineering,1006.88,1089.8,1149.03,1193.52,1171.27,1243.44
2025-02-18,NON-PROD,Infrastructure,1072.87,1161.22,1224.33,1271.73,1248.03,1315.47
2025-02-19,PROD,Technology,2115.59,2289.82,2414.26,2508.84,2461.55,2546.42
2025-02-19,PROD,Engineering,2279.97,2467.74,2601.85,2703.78,2652.82,2915.33
2025-02-19,PROD,Infrastructure,1981.78,2144.99,2261.57,2350.16,2305.87,2120.75
2025-02-19,NON-PROD,Technology,900.97,975.17,1028.17,1068.45,1048.31,1083.9
2025-02-19,NON-PROD,Engineering,1185.69,1283.34,1353.09,1406.09,1379.59,1409.95
2025-02-19,NON-PROD,Infrastructure,863.21,934.29,985.07,1023.66,1004.36,1098.8
2025-02-20,PROD,Technology,2234.93,2418.98,2550.45,2651.53,2600.99,2431.8
2025-02-20,PROD,Engineering,2230.01,2413.66,2544.84,2645.7,2595.27,2556.33
2025-02-20,PROD,Infrastructure,1983.69,2147.05,2263.74,2353.46,2308.6,2284.3
2025-02-20,NON-PROD,Technology,967.23,1046.88,1103.78,1147.53,1125.65,1165.73
2025-02-20,NON-PROD,Engineering,1166.73,1262.81,1331.44,1384.21,1357.83,1356.61
2025-02-20,NON-PROD,Infrastructure,1069.55,1157.63,1220.55,1268.92,1244.73,1142.4
2025-02-21,PROD,Technology,2323.8,2515.17,2651.86,2758.18,2705.02,2668.97
2025-02-21,PROD,Engineering,2216.42,2398.95,2529.33,2630.73,2580.03,2884.35
2025-02-21,PROD,Infrastructure,2240.66,2425.19,2556.99,2659.51,2608.25,2718.67
2025-02-21,NON-PROD,Technology,860.37,931.22,981.83,1021.2,1001.52,1020.94
2025-02-21,NON-PROD,Engineering,981.91,1062.77,1120.53,1165.45,1142.99,1190.81
2025-02-21,NON-PROD,Infrastructure,1081.41,1170.47,1234.08,1283.56,1258.82,1169.12
2025-02-22,PROD,Technology,1428.73,1546.39,1630.43,1696.54,1663.49,1826.3
2025-02-22,PROD,Engineering,1622.7,1756.33,1851.79,1926.87,1889.33,1817.97
2025-02-22,PROD,Infrastructure,1382.09,1495.91,1577.21,1641.17,1609.19,1694.44
2025-02-22,NON-PROD,Technology,615.9,666.63,702.86,731.36,717.11,694.77
2025-02-22,NON-PROD,Engineering,614.12,664.7,700.82,729.24,715.03,735.77
2025-02-22,NON-PROD,Infrastructure,596.76,645.91,681.01,708.63,694.82,751.42
2025-02-23,PROD,Technology,1456.36,1576.3,1661.97,1730.12,1696.04,1826.94
2025-02-23,PROD,Engineering,1336.77,1446.86,1525.49,1588.05,1556.77,1554.64
2025-02-23,PROD,Infrastructure,1325.3,1434.44,1512.4,1574.42,1543.41,1630.6
2025-02-23,NON-PROD,Technology,601.92,651.49,686.9,715.06,700.98,707.24
2025-02-23,NON-PROD,Engineering,692.97,750.04,790.8,823.23,807.02,763.48
2025-02-23,NON-PROD,Infrastructure,822.63,890.37,938.76,977.26,958.01,1061.01
2025-02-24,PROD,Technology,2086.08,2257.88,2380.59,2479.3,2429.95,2452.61
2025-02-24,PROD,Engineering,1977.59,2140.46,2256.78,2350.37,2303.58,2213.93
2025-02-24,PROD,Infrastructure,2138.26,2314.35,2440.13,2541.31,2490.72,2700.39
2025-02-24,NON-PROD,Technology,887.4,960.48,1012.68,1054.67,1033.68,1133.96
2025-02-24,NON-PROD,Engineering,1112.77,1204.41,1269.86,1322.52,1296.19,1223.68
2025-02-24,NON-PROD,Infrastructure,934.27,1011.21,1066.17,1110.38,1088.27,1187.95
2025-02-25,PROD,Technology,2184.81,2364.74,2493.26,2597.78,2545.52,2551.16
2025-02-25,PROD,Engineering,2190.45,2370.84,2499.69,2604.49,2552.09,2453.11
2025-02-25,PROD,Infrastructure,1970.48,2132.76,2248.67,2342.94,2295.8,2390.2
2025-02-25,NON-PROD,Technology,1041.03,1126.77,1188.0,1237.81,1212.91,1235.59
2025-02-25,NON-PROD,Engineering,999.01,1081.28,1140.05,1187.84,1163.95,1094.91
2025-02-25,NON-PROD,Infrastructure,928.66,1005.14,1059.76,1104.19,1081.98,1035.41
2025-02-26,PROD,Technology,2032.72,2200.12,2319.69,2418.0,2368.85,2367.42
2025-02-26,PROD,Engineering,2321.37,2512.54,2649.09,2761.36,2705.23,2766.71
2025-02-26,PROD,Infrastructure,2212.9,2395.13,2525.31,2632.33,2578.82,2807.03
2025-02-26,NON-PROD,Technology,960.34,1039.43,1095.92,1142.37,1119.14,1100.37
2025-02-26,NON-PROD,Engineering,1084.8,1174.14,1237.95,1290.42,1264.18,1272.74
2025-02-26,NON-PROD,Infrastructure,1157.43,1252.75,1320.84,1376.82,1348.83,1296.35
2025-02-27,PROD,Technology,2321.11,2512.26,2648.79,2762.27,2705.53,2540.78
2025-02-27,PROD,Engineering,2051.71,2220.68,2341.37,2441.67,2391.52,2512.05
2025-02-27,PROD,Infrastructure,2364.66,2559.4,2698.5,2814.1,2756.3,2584.49
2025-02-27,NON-PROD,Technology,1190.0,1288.0,1357.99,1416.17,1387.08,1530.3
2025-02-27,NON-PROD,Engineering,1021.86,1106.01,1166.12,1216.08,1191.1,1162.58
2025-02-27,NON-PROD,Infrastructure,1172.24,1268.77,1337.73,1395.04,1366.38,1358.7
2025-02-28,PROD,Technology,2315.02,2505.67,2641.84,2756.23,2699.04,2501.68
2025-02-28,PROD,Engineering,2003.49,2168.49,2286.34,2385.34,2335.84,2566.77
2025-02-28,PROD,Infrastructure,2327.92,2519.63,2656.56,2771.59,2714.08,2828.28
2025-02-28,NON-PROD,Technology,1179.3,1276.41,1345.78,1404.06,1374.92,1305.5
2025-02-28,NON-PROD,Engineering,1027.91,1112.56,1173.02,1223.81,1198.42,1297.87
2025-02-28,NON-PROD,Infrastructure,952.46,1030.89,1086.92,1133.98,1110.45,1239.31
2025-03-01,PROD,Technology,1390.56,1505.08,1586.88,1656.31,1621.59,1497.18
2025-03-01,PROD,Engineering,1314.77,1423.04,1500.38,1566.03,1533.21,1619.77
2025-03-01,PROD,Infrastructure,1462.8,1583.27,1669.31,1742.36,1705.84,1613.61
2025-03-01,NON-PROD,Technology,671.7,727.01,766.53,800.07,783.3,791.8
2025-03-01,NON-PROD,Engineering,770.38,833.82,879.14,917.61,898.37,880.87
2025-03-01,NON-PROD,Infrastructure,688.92,745.65,786.18,820.58,803.38,813.38
2025-03-02,PROD,Technology,1360.62,1472.67,1552.71,1621.36,1587.04,1738.97
2025-03-02,PROD,Engineering,1398.56,1513.74,1596.01,1666.58,1631.29,1749.85
2025-03-02,PROD,Infrastructure,1440.41,1559.03,1643.76,1716.44,1680.1,1605.9
2025-03-02,NON-PROD,Technology,656.42,710.48,749.1,782.22,765.66,746.58
2025-03-02,NON-PROD,Engineering,782.11,846.52,892.53,931.99,912.26,864.38
2025-03-02,NON-PROD,Infrastructure,617.89,668.77,705.12,736.29,720.7,745.0
2025-03-03,PROD,Technology,2301.03,2490.53,2625.88,2743.19,2684.54,2726.68
2025-03-03,PROD,Engineering,2358.85,2553.11,2691.87,2812.12,2752.0,3002.34
2025-03-03,PROD,Infrastructure,2024.4,2191.11,2310.19,2413.4,2361.8,2316.32
2025-03-03,NON-PROD,Technology,1100.89,1191.55,1256.31,1312.43,1284.37,1262.85
2025-03-03,NON-PROD,Engineering,956.66,1035.44,1091.72,1140.49,1116.1,1202.21
2025-03-03,NON-PROD,Infrastructure,1075.49,1164.06,1227.32,1282.15,1254.74,1268.07
2025-03-04,PROD,Technology,1896.42,2052.59,2164.15,2261.82,2212.98,2475.06
2025-03-04,PROD,Engineering,2257.48,2443.39,2576.18,2692.45,2634.31,2686.9
2025-03-04,PROD,Infrastructure,2252.92,2438.45,2570.97,2687.01,2628.99,2525.01
2025-03-04,NON-PROD,Technology,976.71,1057.15,1114.6,1164.91,1139.75,1232.55
2025-03-04,NON-PROD,Engineering,1174.1,1270.79,1339.85,1400.32,1370.09,1277.03
2025-03-04,NON-PROD,Infrastructure,1139.12,1232.93,1299.94,1358.61,1329.27,1441.09
2025-03-05,PROD,Technology,1900.41,2056.91,2168.7,2267.57,2218.14,2251.73
2025-03-05,PROD,Engineering,2028.65,2195.72,2315.05,2420.59,2367.82,2593.61
2025-03-05,PROD,Infrastructure,2150.68,2327.8,2454.31,2566.2,2510.26,2719.62
2025-03-05,NON-PROD,Technology,1019.58,1103.55,1163.53,1216.57,1190.05,1298.95
2025-03-05,NON-PROD,Engineering,1009.23,1092.34,1151.71,1204.22,1177.96,1114.48
2025-03-05,NON-PROD,Infrastructure,866.92,938.32,989.31,1034.42,1011.86,1132.12
2025-03-06,PROD,Technology,1973.25,2135.76,2251.83,2355.52,2303.68,2408.91
2025-03-06,PROD,Engineering,2012.1,2177.8,2296.16,2401.9,2349.03,2432.8
2025-03-06,PROD,Infrastructure,2248.22,2433.37,2565.62,2683.76,2624.69,2790.43
2025-03-06,NON-PROD,Technology,1091.2,1181.07,1245.26,1302.6,1273.93,1377.05
2025-03-06,NON-PROD,Engineering,1122.44,1214.88,1280.9,1339.89,1310.4,1337.83
2025-03-06,NON-PROD,Infrastructure,884.73,957.59,1009.63,1056.12,1032.88,961.85
2025-03-07,PROD,Technology,2175.8,2354.99,2482.97,2598.45,2540.71,2508.24
2025-03-07,PROD,Engineering,2016.28,2182.33,2300.93,2407.94,2354.44,2494.62
2025-03-07,PROD,Infrastructure,2057.44,2226.88,2347.9,2457.09,2402.5,2655.7
2025-03-07,NON-PROD,Technology,1101.26,1191.95,1256.73,1315.17,1285.95,1198.77
2025-03-07,NON-PROD,Engineering,1046.11,1132.26,1193.8,1249.32,1221.56,1192.55
2025-03-07,NON-PROD,Infrastructure,976.75,1057.18,1114.64,1166.48,1140.56,1049.66
2025-03-08,PROD,Technology,1348.73,1459.8,1539.13,1611.42,1575.28,1762.97
2025-03-08,PROD,Engineering,1640.11,1775.18,1871.66,1959.56,1915.61,1984.92
2025-03-08,PROD,Infrastructure,1469.14,1590.13,1676.55,1755.29,1715.92,1877.18
2025-03-08,NON-PROD,Technology,702.59,760.45,801.78,839.44,820.61,912.91
2025-03-08,NON-PROD,Engineering,781.33,845.68,891.64,933.52,912.58,1023.87
2025-03-08,NON-PROD,Infrastructure,621.53,672.72,709.28,742.59,725.94,770.26
2025-03-09,PROD,Technology,1571.05,1700.43,1792.85,1877.87,1835.36,1841.4
2025-03-09,PROD,Engineering,1599.34,1731.05,1825.13,1911.68,1868.41,1809.86
2025-03-09,PROD,Infrastructure,1512.28,1636.82,1725.78,1807.62,1766.7,1936.56
2025-03-09,NON-PROD,Technology,622.04,673.27,709.86,743.53,726.69,750.41
2025-03-09,NON-PROD,Engineering,631.3,683.29,720.43,754.59,737.51,811.83
2025-03-09,NON-PROD,Infrastructure,691.05,747.96,788.61,826.0,807.3,890.69
2025-03-10,PROD,Technology,1914.31,2071.96,2184.57,2289.17,2236.87,2102.91
2025-03-10,PROD,Engineering,2018.12,2184.31,2303.03,2413.3,2358.16,2511.65
2025-03-10,PROD,Infrastructure,2033.67,2201.15,2320.78,2431.9,2376.34,2340.86
2025-03-10,NON-PROD,Technology,1124.87,1217.51,1283.68,1345.14,1314.41,1348.06
2025-03-10,NON-PROD,Engineering,858.06,928.73,979.2,1026.08,1002.64,984.5
2025-03-10,NON-PROD,Infrastructure,867.83,939.29,990.34,1037.76,1014.05,1080.17
2025-03-11,PROD,Technology,2092.71,2265.05,2388.15,2503.59,2445.87,2738.09
2025-03-11,PROD,Engineering,2107.01,2280.53,2404.47,2520.7,2462.59,2598.25
2025-03-11,PROD,Infrastructure,2150.24,2327.32,2453.81,2572.42,2513.12,2686.02
2025-03-11,NON-PROD,Technology,927.32,1003.68,1058.23,1109.38,1083.81,1067.38
2025-03-11,NON-PROD,Engineering,931.13,1007.81,1062.58,1113.95,1088.27,1192.51
2025-03-11,NON-PROD,Infrastructure,1182.61,1280.0,1349.57,1414.8,1382.19,1306.98
2025-03-12,PROD,Technology,2289.96,2478.55,2613.25,2740.77,2677.01,2704.69
2025-03-12,PROD,Engineering,1987.06,2150.7,2267.59,2378.24,2322.91,2465.21
2025-03-12,PROD,Infrastructure,1974.53,2137.14,2253.29,2363.24,2308.26,2173.24
2025-03-12,NON-PROD,Technology,1063.53,1151.12,1213.68,1272.91,1243.29,1279.18
2025-03-12,NON-PROD,Engineering,904.6,979.1,1032.31,1082.69,1057.5,1162.58
2025-03-12,NON-PROD,Infrastructure,1023.77,1108.08,1168.3,1225.31,1196.8,1266.61
2025-03-13,PROD,Technology,2205.14,2386.74,2516.45,2640.4,2578.42,2889.4
2025-03-13,PROD,Engineering,2037.04,2204.79,2324.62,2439.12,2381.87,2593.35
2025-03-13,PROD,Infrastructure,1907.86,2064.97,2177.2,2284.44,2230.82,2066.6
2025-03-13,NON-PROD,Technology,1003.3,1085.93,1144.94,1201.34,1173.14,1095.79
2025-03-13,NON-PROD,Engineering,1015.96,1099.63,1159.39,1216.5,1187.95,1224.02
2025-03-13,NON-PROD,Infrastructure,985.83,1067.02,1125.01,1180.42,1152.71,1230.05
2025-03-14,PROD,Technology,2001.86,2166.72,2284.48,2398.05,2341.26,2225.89
2025-03-14,PROD,Engineering,2353.53,2547.35,2685.79,2819.31,2752.55,3010.81
2025-03-14,PROD,Infrastructure,2193.63,2374.28,2503.32,2627.77,2565.54,2454.91
2025-03-14,NON-PROD,Technology,931.08,1007.76,1062.53,1115.35,1088.94,1049.34
2025-03-14,NON-PROD,Engineering,988.88,1070.32,1128.49,1184.59,1156.54,1198.41
2025-03-14,NON-PROD,Infrastructure,927.25,1003.61,1058.16,1110.76,1084.46,1186.24
2025-03-15,PROD,Technology,1514.62,1639.35,1728.44,1815.16,1771.8,1936.0
2025-03-15,PROD,Engineering,1485.53,1607.87,1695.26,1780.31,1737.78,1682.85
2025-03-15,PROD,Infrastructure,1621.17,1754.67,1850.04,1942.86,1896.45,1876.43
2025-03-15,NON-PROD,Technology,648.23,701.61,739.74,776.86,758.3,830.77
2025-03-15,NON-PROD,Engineering,750.48,812.28,856.43,899.4,877.91,878.24
2025-03-15,NON-PROD,Infrastructure,832.86,901.44,950.43,998.12,974.28,1061.16
2025-03-16,PROD,Technology,1311.02,1418.99,1496.11,1571.86,1533.98,1510.15
2025-03-16,PROD,Engineering,1365.31,1477.74,1558.06,1636.94,1597.5,1703.85
2025-03-16,PROD,Infrastructure,1494.39,1617.46,1705.36,1791.7,1748.53,1895.23
2025-03-16,NON-PROD,Technology,693.42,750.53,791.32,831.38,811.35,876.37
2025-03-16,NON-PROD,Engineering,698.71,756.25,797.35,837.72,817.53,789.02
2025-03-16,NON-PROD,Infrastructure,638.18,690.73,728.27,765.14,746.71,815.36
2025-03-17,PROD,Technology,2077.96,2249.09,2371.32,2492.47,2431.89,2690.75
2025-03-17,PROD,Engineering,2056.09,2225.42,2346.36,2466.23,2406.3,2591.34
2025-03-17,PROD,Infrastructure,2092.2,2264.5,2387.57,2509.55,2448.56,2495.24
2025-03-17,NON-PROD,Technology,886.74,959.77,1011.93,1063.63,1037.78,1016.76
2025-03-17,NON-PROD,Engineering,1038.95,1124.51,1185.63,1246.2,1215.91,1212.86
2025-03-17,NON-PROD,Infrastructure,1171.15,1267.59,1336.49,1404.76,1370.62,1269.51
2025-03-18,PROD,Technology,2290.34,2478.95,2613.68,2748.4,2681.04,2538.93
2025-03-18,PROD,Engineering,2289.26,2477.79,2612.45,2747.11,2679.78,2766.14
2025-03-18,PROD,Infrastructure,2229.14,2412.72,2543.85,2674.97,2609.41,2669.93
2025-03-18,NON-PROD,Technology,1035.66,1120.95,1181.88,1242.8,1212.34,1119.31
2025-03-18,NON-PROD,Engineering,1067.49,1155.4,1218.19,1280.98,1249.59,1321.19
2025-03-18,NON-PROD,Infrastructure,995.56,1077.54,1136.11,1194.67,1165.39,1175.87
2025-03-19,PROD,Technology,2139.59,2315.79,2441.65,2568.63,2505.14,2576.73
2025-03-19,PROD,Engineering,2021.7,2188.2,2307.12,2427.1,2367.11,2629.19
2025-03-19,PROD,Infrastructure,2354.71,2548.63,2687.14,2826.89,2757.01,2895.29
2025-03-19,NON-PROD,Technology,1137.54,1231.22,1298.14,1365.64,1331.89,1236.17
2025-03-19,NON-PROD,Engineering,871.65,943.44,994.71,1046.44,1020.57,984.9
2025-03-19,NON-PROD,Infrastructure,1146.4,1240.81,1308.25,1376.28,1342.27,1305.77
2025-03-20,PROD,Technology,2360.67,2555.08,2693.94,2835.27,2764.61,2781.78
2025-03-20,PROD,Engineering,2014.9,2180.83,2299.36,2419.99,2359.67,2614.18
2025-03-20,PROD,Infrastructure,2149.81,2326.85,2453.31,2582.02,2517.66,2774.14
2025-03-20,NON-PROD,Technology,1059.27,1146.5,1208.81,1272.23,1240.52,1389.12
2025-03-20,NON-PROD,Engineering,1032.33,1117.35,1178.07,1239.88,1208.98,1275.47
2025-03-20,NON-PROD,Infrastructure,1183.2,1280.64,1350.24,1421.08,1385.66,1359.02
2025-03-21,PROD,Technology,2210.02,2392.02,2522.02,2655.49,2588.76,2513.9
2025-03-21,PROD,Engineering,2320.16,2511.24,2647.72,2787.83,2717.78,2556.72
2025-03-21,PROD,Infrastructure,2354.63,2548.54,2687.05,2829.25,2758.15,2839.53
2025-03-21,NON-PROD,Technology,1142.81,1236.92,1304.15,1373.16,1338.66,1320.35
2025-03-21,NON-PROD,Engineering,1162.83,1258.59,1326.99,1397.22,1362.1,1307.8
2025-03-21,NON-PROD,Infrastructure,1005.37,1088.17,1147.31,1208.03,1177.67,1155.96
2025-03-22,PROD,Technology,1603.47,1735.52,1829.85,1927.52,1878.68,2110.22
2025-03-22,PROD,Engineering,1591.2,1722.24,1815.84,1912.76,1864.3,1834.1
2025-03-22,PROD,Infrastructure,1542.59,1669.63,1760.37,1854.34,1807.35,1707.79
2025-03-22,NON-PROD,Technology,783.99,848.56,894.67,942.43,918.55,902.72
2025-03-22,NON-PROD,Engineering,792.09,857.32,903.91,952.16,928.04,1037.0
2025-03-22,NON-PROD,Infrastructure,599.0,648.33,683.56,720.05,701.81,780.87
2025-03-23,PROD,Technology,1550.97,1678.7,1769.93,1865.22,1817.58,1880.5
2025-03-23,PROD,Engineering,1534.97,1661.37,1751.67,1845.97,1798.82,1784.08
2025-03-23,PROD,Infrastructure,1357.97,1469.8,1549.68,1633.11,1591.4,1775.79
2025-03-23,NON-PROD,Technology,694.08,751.24,792.07,834.71,813.39,775.46
2025-03-23,NON-PROD,Engineering,614.51,665.12,701.27,739.02,720.14,787.11
2025-03-23,NON-PROD,Infrastructure,759.57,822.12,866.8,913.47,890.13,893.2
2025-03-24,PROD,Technology,1940.39,2100.19,2214.33,2334.56,2274.44,2491.11
2025-03-24,PROD,Engineering,2240.89,2425.44,2557.25,2696.1,2626.68,2744.35
2025-03-24,PROD,Infrastructure,1953.25,2114.1,2229.0,2350.03,2289.51,2579.42
2025-03-24,NON-PROD,Technology,965.19,1044.67,1101.45,1161.25,1131.35,1263.46
2025-03-24,NON-PROD,Engineering,937.15,1014.33,1069.45,1127.52,1098.49,1156.69
2025-03-24,NON-PROD,Infrastructure,1097.82,1188.23,1252.81,1320.83,1286.82,1413.74
2025-03-25,PROD,Technology,1959.91,2121.32,2236.61,2359.07,2297.84,2278.25
2025-03-25,PROD,Engineering,2063.02,2232.91,2354.27,2483.17,2418.72,2610.61
2025-03-25,PROD,Infrastructure,1980.52,2143.62,2260.12,2383.87,2321.99,2307.17
2025-03-25,NON-PROD,Technology,1172.64,1269.21,1338.19,1411.46,1374.83,1324.34
2025-03-25,NON-PROD,Engineering,1149.15,1243.79,1311.39,1383.19,1347.29,1492.6
2025-03-25,NON-PROD,Infrastructure,926.9,1003.24,1057.76,1115.68,1086.72,1048.23
2025-03-26,PROD,Technology,2231.12,2414.86,2546.1,2686.67,2616.39,2455.5
2025-03-26,PROD,Engineering,1950.75,2111.4,2226.15,2349.06,2287.6,2435.88
2025-03-26,PROD,Infrastructure,2302.45,2492.06,2627.5,2772.57,2700.03,2627.06
2025-03-26,NON-PROD,Technology,860.2,931.04,981.64,1035.84,1008.74,1116.22
2025-03-26,NON-PROD,Engineering,886.35,959.35,1011.49,1067.33,1039.41,1144.86
2025-03-26,NON-PROD,Infrastructure,1014.68,1098.24,1157.93,1221.86,1189.89,1335.33
2025-03-27,PROD,Technology,1968.35,2130.45,2246.24,2371.28,2308.76,2319.95
2025-03-27,PROD,Engineering,2198.41,2379.45,2508.77,2648.44,2578.6,2834.96
2025-03-27,PROD,Infrastructure,2305.89,2495.79,2631.43,2777.92,2704.68,2796.27
2025-03-27,NON-PROD,Technology,1132.6,1225.87,1292.49,1364.45,1328.47,1468.99
2025-03-27,NON-PROD,Engineering,920.68,996.5,1050.66,1109.15,1079.9,1183.78
2025-03-27,NON-PROD,Infrastructure,1064.95,1152.65,1215.29,1282.95,1249.12,1364.19
2025-03-28,PROD,Technology,1988.72,2152.5,2269.48,2396.86,2333.17,2427.16
2025-03-28,PROD,Engineering,2321.23,2512.39,2648.93,2797.61,2723.27,2958.67
2025-03-28,PROD,Infrastructure,2287.59,2475.98,2610.54,2757.07,2683.81,2815.51
2025-03-28,NON-PROD,Technology,975.28,1055.6,1112.97,1175.44,1144.2,1208.17
2025-03-28,NON-PROD,Engineering,1113.2,1204.87,1270.36,1341.66,1306.01,1357.81
2025-03-28,NON-PROD,Infrastructure,998.43,1080.65,1139.38,1203.33,1171.36,1256.83
2025-03-29,PROD,Technology,1323.19,1432.16,1509.99,1595.44,1552.71,1605.61
2025-03-29,PROD,Engineering,1353.67,1465.15,1544.77,1632.19,1588.48,1491.83
2025-03-29,PROD,Infrastructure,1639.3,1774.31,1870.74,1976.59,1923.67,2086.15
2025-03-29,NON-PROD,Technology,761.34,824.04,868.82,917.99,893.4,961.8
2025-03-29,NON-PROD,Engineering,831.07,899.51,948.4,1002.06,975.23,952.37
2025-03-29,NON-PROD,Infrastructure,644.52,697.6,735.52,777.14,756.33,717.43
2025-03-30,PROD,Technology,1429.89,1547.64,1631.75,1724.84,1678.29,1703.47
2025-03-30,PROD,Engineering,1344.13,1454.82,1533.89,1621.38,1577.64,1699.01
2025-03-30,PROD,Infrastructure,1524.68,1650.24,1739.93,1839.19,1789.56,1767.64
2025-03-30,NON-PROD,Technology,777.6,841.63,887.37,937.99,912.68,1012.67
2025-03-30,NON-PROD,Engineering,637.74,690.26,727.78,769.29,748.53,822.82
2025-03-30,NON-PROD,Infrastructure,821.54,889.19,937.52,991.0,964.26,1040.19
2025-03-31,PROD,Technology,2245.47,2430.39,2562.48,2709.83,2636.15,2472.47
2025-03-31,PROD,Engineering,2024.42,2191.13,2310.22,2443.06,2376.64,2422.17
2025-03-31,PROD,Infrastructure,2132.47,2308.08,2433.52,2573.46,2503.49,2383.05
2025-03-31,NON-PROD,Technology,876.36,948.53,1000.08,1057.58,1028.83,1116.94
2025-03-31,NON-PROD,Engineering,1113.21,1204.89,1270.37,1343.42,1306.9,1268.82
2025-03-31,NON-PROD,Infrastructure,1084.64,1173.96,1237.77,1308.94,1273.35,1410.2
2025-04-01,PROD,Technology,2301.72,2491.27,2626.67,2778.91,2702.79,2553.65
2025-04-01,PROD,Engineering,2327.49,2519.17,2656.08,2810.03,2733.06,2657.36
2025-04-01,PROD,Infrastructure,2174.28,2353.34,2481.24,2625.05,2553.15,2665.56
2025-04-01,NON-PROD,Technology,870.61,942.31,993.52,1051.1,1022.31,1100.32
2025-04-01,NON-PROD,Engineering,942.53,1020.15,1075.59,1137.93,1106.76,1147.36
2025-04-01,NON-PROD,Infrastructure,878.88,951.26,1002.95,1061.09,1032.02,1007.0
2025-04-02,PROD,Technology,2116.25,2290.53,2415.02,2556.1,2485.56,2499.31
2025-04-02,PROD,Engineering,2342.32,2535.22,2673.0,2829.16,2751.08,2823.16
2025-04-02,PROD,Infrastructure,2155.31,2332.81,2459.59,2603.28,2531.44,2783.94
2025-04-02,NON-PROD,Technology,943.22,1020.9,1076.38,1139.26,1107.82,1030.51
2025-04-02,NON-PROD,Engineering,999.76,1082.1,1140.91,1207.56,1174.23,1266.64
2025-04-02,NON-PROD,Infrastructure,957.79,1036.66,1093.0,1156.86,1124.93,1239.28
2025-04-03,PROD,Technology,2043.68,2211.99,2332.2,2469.52,2400.86,2355.67
2025-04-03,PROD,Engineering,1936.5,2095.98,2209.89,2340.0,2274.95,2192.73
2025-04-03,PROD,Infrastructure,2118.17,2292.61,2417.21,2559.53,2488.37,2685.42
2025-04-03,NON-PROD,Technology,918.79,994.45,1048.5,1110.23,1079.36,1006.13
2025-04-03,NON-PROD,Engineering,904.34,978.81,1032.01,1092.77,1062.39,1054.37
2025-04-03,NON-PROD,Infrastructure,1009.98,1093.15,1152.56,1220.42,1186.49,1201.51
2025-04-04,PROD,Technology,1923.73,2082.15,2195.32,2325.58,2260.45,2269.69
2025-04-04,PROD,Engineering,2151.04,2328.18,2454.71,2600.36,2527.54,2728.61
2025-04-04,PROD,Infrastructure,2161.07,2339.04,2466.17,2612.5,2539.33,2561.02
2025-04-04,NON-PROD,Technology,1010.7,1093.93,1153.39,1221.82,1187.6,1192.77
2025-04-04,NON-PROD,Engineering,894.53,968.2,1020.82,1081.39,1051.11,1001.55
2025-04-04,NON-PROD,Infrastructure,894.07,967.7,1020.29,1080.83,1050.56,1032.39
2025-04-05,PROD,Technology,1467.69,1588.56,1674.89,1775.04,1724.96,1858.01
2025-04-05,PROD,Engineering,1493.2,1616.17,1704.01,1805.9,1754.95,1826.21
2025-04-05,PROD,Infrastructure,1379.27,1492.86,1573.99,1668.11,1621.05,1643.36
2025-04-05,NON-PROD,Technology,625.29,676.78,713.56,756.23,734.89,680.7
2025-04-05,NON-PROD,Engineering,652.08,705.78,744.14,788.63,766.39,829.87
2025-04-05,NON-PROD,Infrastructure,829.55,897.87,946.66,1003.27,974.97,966.97
2025-04-06,PROD,Technology,1530.57,1656.61,1746.65,1851.89,1799.27,1893.02
2025-04-06,PROD,Engineering,1500.68,1624.27,1712.54,1815.73,1764.13,1711.15
2025-04-06,PROD,Infrastructure,1582.24,1712.54,1805.61,1914.4,1860.01,1778.19
2025-04-06,NON-PROD,Technology,628.11,679.84,716.79,759.98,738.38,777.82
2025-04-06,NON-PROD,Engineering,622.14,673.38,709.98,752.75,731.36,795.45
2025-04-06,NON-PROD,Infrastructure,613.0,663.48,699.54,741.69,720.61,708.99
2025-04-07,PROD,Technology,1948.31,2108.76,2223.37,2358.35,2290.86,2147.64
2025-04-07,PROD,Engineering,1953.7,2114.59,2229.51,2364.87,2297.19,2156.9
2025-04-07,PROD,Infrastructure,2350.91,2544.51,2682.8,2845.68,2764.24,2903.39
2025-04-07,NON-PROD,Technology,1012.45,1095.83,1155.39,1225.53,1190.46,1171.94
2025-04-07,NON-PROD,Engineering,925.4,1001.61,1056.04,1120.15,1088.1,1171.15
2025-04-07,NON-PROD,Infrastructure,909.58,984.49,1037.99,1101.01,1069.5,1001.66
2025-04-08,PROD,Technology,1935.6,2095.01,2208.86,2343.98,2276.42,2567.34
2025-04-08,PROD,Engineering,1969.22,2131.39,2247.22,2384.68,2315.95,2366.3
2025-04-08,PROD,Infrastructure,2257.07,2442.95,2575.71,2733.27,2654.49,2510.18
2025-04-08,NON-PROD,Technology,1016.73,1100.46,1160.27,1231.24,1195.75,1150.94
2025-04-08,NON-PROD,Engineering,1146.2,1240.6,1308.02,1388.03,1348.03,1322.84
2025-04-08,NON-PROD,Infrastructure,886.81,959.84,1012.01,1073.91,1042.96,1107.32
2025-04-09,PROD,Technology,2339.39,2532.05,2669.66,2834.18,2751.92,3080.91
2025-04-09,PROD,Engineering,2180.74,2360.33,2488.61,2641.98,2565.29,2670.33
2025-04-09,PROD,Infrastructure,2247.65,2432.75,2564.97,2723.04,2644.0,2551.32
2025-04-09,NON-PROD,Technology,863.44,934.55,985.34,1046.07,1015.7,981.68
2025-04-09,NON-PROD,Engineering,1087.6,1177.17,1241.14,1317.63,1279.39,1310.72
2025-04-09,NON-PROD,Infrastructure,1116.55,1208.5,1274.18,1352.71,1313.44,1420.93
2025-04-10,PROD,Technology,2289.22,2477.75,2612.41,2774.6,2693.5,2955.9
2025-04-10,PROD,Engineering,2145.8,2322.51,2448.74,2600.77,2524.75,2435.26
2025-04-10,PROD,Infrastructure,2248.67,2433.86,2566.13,2725.45,2645.79,2447.7
2025-04-10,NON-PROD,Technology,1186.55,1284.26,1354.06,1438.13,1396.09,1371.03
2025-04-10,NON-PROD,Engineering,1079.24,1168.12,1231.61,1308.07,1269.84,1249.42
2025-04-10,NON-PROD,Infrastructure,1055.0,1141.88,1203.94,1278.69,1241.31,1277.68
2025-04-11,PROD,Technology,2033.69,2201.17,2320.8,2465.95,2393.37,2669.25
2025-04-11,PROD,Engineering,2214.36,2396.72,2526.98,2685.02,2606.0,2644.39
2025-04-11,PROD,Infrastructure,1995.68,2160.03,2277.42,2419.86,2348.64,2292.95
2025-04-11,NON-PROD,Technology,1177.25,1274.2,1343.45,1427.47,1385.46,1287.04
2025-04-11,NON-PROD,Engineering,918.65,994.3,1048.34,1113.91,1081.13,1047.57
2025-04-11,NON-PROD,Infrastructure,1015.03,1098.62,1158.33,1230.77,1194.55,1180.98
2025-04-12,PROD,Technology,1364.66,1477.05,1557.32,1655.44,1606.38,1621.67
2025-04-12,PROD,Engineering,1510.1,1634.46,1723.29,1831.85,1777.57,1951.39
2025-04-12,PROD,Infrastructure,1632.93,1767.4,1863.46,1980.86,1922.16,1875.71
2025-04-12,NON-PROD,Technology,668.01,723.03,762.32,810.35,786.33,817.48
2025-04-12,NON-PROD,Engineering,670.31,725.51,764.94,813.13,789.03,889.28
2025-04-12,NON-PROD,Infrastructure,716.6,775.61,817.76,869.28,843.52,916.31
2025-04-13,PROD,Technology,1386.64,1500.83,1582.4,1682.81,1632.6,1763.31
2025-04-13,PROD,Engineering,1571.41,1700.82,1793.26,1907.06,1850.16,1870.26
2025-04-13,PROD,Infrastructure,1356.2,1467.89,1547.67,1645.88,1596.77,1769.15
2025-04-13,NON-PROD,Technology,740.57,801.56,845.12,898.75,871.94,834.9
2025-04-13,NON-PROD,Engineering,694.92,752.15,793.02,843.35,818.19,796.94
2025-04-13,NON-PROD,Infrastructure,747.28,808.82,852.78,906.89,879.84,883.64
2025-04-14,PROD,Technology,1989.66,2153.51,2270.55,2415.68,2343.12,2275.56
2025-04-14,PROD,Engineering,2301.73,2491.29,2626.68,2794.57,2710.63,3024.92
2025-04-14,PROD,Infrastructure,2193.94,2374.61,2503.67,2663.7,2583.68,2556.71
2025-04-14,NON-PROD,Technology,1096.57,1186.88,1251.39,1331.37,1291.38,1408.83
2025-04-14,NON-PROD,Engineering,934.3,1011.25,1066.2,1134.35,1100.28,1171.98
2025-04-14,NON-PROD,Infrastructure,1001.37,1083.83,1142.74,1215.78,1179.26,1313.88
2025-04-15,PROD,Technology,1988.59,2152.36,2269.33,2415.42,2342.38,2264.82
2025-04-15,PROD,Engineering,1931.08,2090.11,2203.7,2345.57,2274.64,2195.37
2025-04-15,PROD,Infrastructure,1927.3,2086.02,2199.39,2340.98,2270.19,2185.54
2025-04-15,NON-PROD,Technology,1026.17,1110.68,1171.04,1246.43,1208.74,1261.31
2025-04-15,NON-PROD,Engineering,1140.37,1234.28,1301.37,1385.14,1343.25,1344.08
2025-04-15,NON-PROD,Infrastructure,974.22,1054.45,1111.76,1183.33,1147.55,1084.44
2025-04-16,PROD,Technology,2183.23,2363.03,2491.45,2652.98,2572.22,2893.7
2025-04-16,PROD,Engineering,1962.54,2124.16,2239.6,2384.81,2312.21,2214.33
2025-04-16,PROD,Infrastructure,1874.44,2028.81,2139.07,2277.76,2208.41,2276.33
2025-04-16,NON-PROD,Technology,1095.21,1185.41,1249.83,1330.86,1290.35,1291.93
2025-04-16,NON-PROD,Engineering,1156.16,1251.37,1319.38,1404.92,1362.15,1380.31
2025-04-16,NON-PROD,Infrastructure,851.51,921.63,971.72,1034.72,1003.22,1100.63
2025-04-17,PROD,Technology,2078.36,2249.52,2371.77,2526.63,2449.2,2604.54
2025-04-17,PROD,Engineering,2249.9,2435.18,2567.53,2735.17,2651.35,2515.51
2025-04-17,PROD,Infrastructure,2291.25,2479.94,2614.72,2785.44,2700.08,2787.94
2025-04-17,NON-PROD,Technology,923.44,999.48,1053.8,1122.61,1088.21,1197.57
2025-04-17,NON-PROD,Engineering,1161.61,1257.28,1325.61,1412.16,1368.88,1527.75
2025-04-17,NON-PROD,Infrastructure,1067.18,1155.07,1217.84,1297.36,1257.6,1422.98
2025-04-18,PROD,Technology,1961.0,2122.5,2237.85,2384.99,2311.42,2401.77
2025-04-18,PROD,Engineering,2238.05,2422.36,2554.01,2721.93,2637.97,2891.15
2025-04-18,PROD,Infrastructure,2259.58,2445.66,2578.58,2748.12,2663.35,2955.01
2025-04-18,NON-PROD,Technology,1139.39,1233.23,1300.25,1385.74,1342.99,1345.25
2025-04-18,NON-PROD,Engineering,1092.91,1182.92,1247.21,1329.21,1288.21,1214.93
2025-04-18,NON-PROD,Infrastructure,902.23,976.54,1029.61,1097.31,1063.46,1001.62
2025-04-19,PROD,Technology,1558.0,1686.31,1777.96,1895.67,1836.81,2078.34
2025-04-19,PROD,Engineering,1659.77,1796.45,1894.09,2019.49,1956.79,2100.5
2025-04-19,PROD,Infrastructure,1440.95,1559.62,1644.38,1753.25,1698.82,1912.78
2025-04-19,NON-PROD,Technology,718.04,777.18,819.41,873.66,846.54,798.79
2025-04-19,NON-PROD,Engineering,808.44,875.02,922.57,983.66,953.12,927.68
2025-04-19,NON-PROD,Infrastructure,733.48,793.89,837.03,892.45,864.74,853.82
2025-04-20,PROD,Technology,1624.81,1758.62,1854.19,1977.81,1916.0,2116.72
2025-04-20,PROD,Engineering,1448.8,1568.11,1653.34,1763.56,1708.45,1695.53
2025-04-20,PROD,Infrastructure,1389.3,1503.72,1585.44,1691.14,1638.29,1764.73
2025-04-20,NON-PROD,Technology,784.02,848.58,894.7,954.35,924.53,981.34
2025-04-20,NON-PROD,Engineering,726.27,786.08,828.81,884.06,856.43,888.28
2025-04-20,NON-PROD,Infrastructure,826.08,894.11,942.71,1005.55,974.13,952.82
2025-04-21,PROD,Technology,1986.19,2149.76,2266.6,2418.74,2342.67,2171.87
2025-04-21,PROD,Engineering,2224.63,2407.84,2538.7,2709.11,2623.9,2933.66
2025-04-21,PROD,Infrastructure,2072.34,2243.0,2364.9,2523.64,2444.27,2531.79
2025-04-21,NON-PROD,Technology,1176.15,1273.01,1342.19,1432.29,1387.24,1531.13
2025-04-21,NON-PROD,Engineering,1076.76,1165.43,1228.77,1311.25,1270.01,1200.64
2025-04-21,NON-PROD,Infrastructure,1136.42,1230.0,1296.85,1383.9,1340.38,1312.78
2025-04-22,PROD,Technology,2364.8,2559.55,2698.65,2881.04,2789.85,3055.21
2025-04-22,PROD,Engineering,2167.69,2346.21,2473.72,2640.9,2557.31,2753.97
2025-04-22,PROD,Infrastructure,2010.33,2175.89,2294.14,2449.18,2371.66,2393.1
2025-04-22,NON-PROD,Technology,1035.58,1120.86,1181.78,1261.65,1221.72,1181.5
2025-04-22,NON-PROD,Engineering,879.35,951.77,1003.49,1071.31,1037.4,997.6
2025-04-22,NON-PROD,Infrastructure,988.29,1069.68,1127.81,1204.04,1165.92,1260.65
2025-04-23,PROD,Technology,2155.57,2333.09,2459.89,2627.26,2543.58,2649.3
2025-04-23,PROD,Engineering,2236.85,2421.06,2552.64,2726.33,2639.49,2769.52
2025-04-23,PROD,Infrastructure,1949.41,2109.95,2224.62,2375.99,2300.31,2298.19
2025-04-23,NON-PROD,Technology,1015.72,1099.37,1159.11,1237.98,1198.55,1188.83
2025-04-23,NON-PROD,Engineering,875.0,947.06,998.53,1066.47,1032.5,1085.46
2025-04-23,NON-PROD,Infrastructure,858.8,929.52,980.04,1046.72,1013.38,1102.43
2025-04-24,PROD,Technology,2108.56,2282.2,2406.24,2571.06,2488.65,2602.44
2025-04-24,PROD,Engineering,2071.25,2241.83,2363.67,2525.58,2444.62,2396.39
2025-04-24,PROD,Infrastructure,1993.69,2157.88,2275.16,2431.0,2353.08,2563.26
2025-04-24,NON-PROD,Technology,861.75,932.71,983.41,1050.77,1017.09,1000.14
2025-04-24,NON-PROD,Engineering,1083.44,1172.67,1236.4,1321.09,1278.74,1347.77
2025-04-24,NON-PROD,Infrastructure,990.11,1071.65,1129.89,1207.28,1168.59,1147.63
2025-04-25,PROD,Technology,2371.75,2567.07,2706.59,2893.23,2799.91,2923.06
2025-04-25,PROD,Engineering,1886.91,2042.3,2153.29,2301.78,2227.54,2164.49
2025-04-25,PROD,Infrastructure,2026.47,2193.35,2312.56,2472.03,2392.29,2361.71
2025-04-25,NON-PROD,Technology,948.55,1026.67,1082.46,1157.11,1119.79,1201.52
2025-04-25,NON-PROD,Engineering,1161.35,1256.99,1325.3,1416.69,1370.99,1299.94
2025-04-25,NON-PROD,Infrastructure,1160.5,1256.07,1324.34,1415.66,1370.0,1314.39
2025-04-26,PROD,Technology,1604.2,1736.31,1830.67,1957.75,1894.21,1936.91
2025-04-26,PROD,Engineering,1401.81,1517.25,1599.71,1710.75,1655.23,1768.24
2025-04-26,PROD,Infrastructure,1440.25,1558.86,1643.58,1757.67,1700.63,1578.42
2025-04-26,NON-PROD,Technology,707.69,765.97,807.6,863.66,835.63,780.33
2025-04-26,NON-PROD,Engineering,651.14,704.77,743.07,794.65,768.86,853.33
2025-04-26,NON-PROD,Infrastructure,765.43,828.46,873.49,934.12,903.8,919.53
2025-04-27,PROD,Technology,1514.71,1639.45,1728.55,1849.33,1788.94,1947.0
2025-04-27,PROD,Engineering,1617.15,1750.33,1845.46,1974.4,1909.93,2045.84
2025-04-27,PROD,Infrastructure,1497.86,1621.21,1709.32,1828.76,1769.04,1863.57
2025-04-27,NON-PROD,Technology,639.38,692.03,729.64,780.62,755.13,739.85
2025-04-27,NON-PROD,Engineering,720.37,779.7,822.07,879.52,850.8,937.45
2025-04-27,NON-PROD,Infrastructure,700.49,758.18,799.38,855.24,827.31,902.75
2025-04-28,PROD,Technology,1893.02,2048.91,2160.26,2312.2,2236.23,2493.95
2025-04-28,PROD,Engineering,2315.86,2506.58,2642.8,2828.68,2735.74,2787.54
2025-04-28,PROD,Infrastructure,2184.53,2364.43,2492.94,2668.27,2580.6,2913.46
2025-04-28,NON-PROD,Technology,960.21,1039.29,1095.77,1172.84,1134.31,1167.27
2025-04-28,NON-PROD,Engineering,1028.03,1112.69,1173.16,1255.67,1214.42,1208.1
2025-04-28,NON-PROD,Infrastructure,974.03,1054.25,1111.54,1189.72,1150.63,1123.27
2025-04-29,PROD,Technology,2108.52,2282.16,2406.19,2576.53,2491.36,2600.77
2025-04-29,PROD,Engineering,2100.78,2273.78,2397.36,2567.07,2482.21,2675.48
2025-04-29,PROD,Infrastructure,2277.16,2464.69,2598.64,2782.6,2690.62,2611.95
2025-04-29,NON-PROD,Technology,1158.43,1253.83,1321.97,1415.56,1368.77,1296.81
2025-04-29,NON-PROD,Engineering,925.85,1002.1,1056.56,1131.36,1093.96,1137.27
2025-04-29,NON-PROD,Infrastructure,1100.32,1190.93,1255.65,1344.54,1300.1,1437.7
2025-04-30,PROD,Technology,2120.99,2295.66,2420.42,2592.88,2506.65,2358.93
2025-04-30,PROD,Engineering,2081.29,2252.69,2375.12,2544.35,2459.74,2536.08
2025-04-30,PROD,Infrastructure,2372.94,2568.36,2707.95,2900.88,2804.42,2863.29
2025-04-30,NON-PROD,Technology,897.22,971.11,1023.88,1096.83,1060.36,1189.75
2025-04-30,NON-PROD,Engineering,1085.81,1175.23,1239.1,1327.38,1283.24,1260.42
2025-04-30,NON-PROD,Infrastructure,1112.24,1203.84,1269.26,1359.69,1314.48,1386.69
2025-05-01,PROD,Technology,2112.4,2286.36,2410.62,2583.48,2497.05,2544.12
2025-05-01,PROD,Engineering,2131.67,2307.22,2432.62,2607.05,2519.83,2563.62
2025-05-01,PROD,Infrastructure,2359.17,2553.45,2692.23,2885.28,2788.75,2955.59
2025-05-01,NON-PROD,Technology,1186.61,1284.33,1354.13,1451.23,1402.68,1523.53
2025-05-01,NON-PROD,Engineering,1116.26,1208.19,1273.85,1365.19,1319.52,1248.33
2025-05-01,NON-PROD,Infrastructure,1074.96,1163.49,1226.72,1314.69,1270.71,1330.84
2025-05-02,PROD,Technology,2089.38,2261.45,2384.35,2556.42,2470.39,2362.1
2025-05-02,PROD,Engineering,2270.22,2457.18,2590.72,2777.68,2684.2,2763.73
2025-05-02,PROD,Infrastructure,1991.35,2155.34,2272.48,2436.47,2354.48,2255.64
2025-05-02,NON-PROD,Technology,944.82,1022.63,1078.2,1156.01,1117.11,1043.89
2025-05-02,NON-PROD,Engineering,935.33,1012.36,1067.38,1144.41,1105.89,1250.78
2025-05-02,NON-PROD,Infrastructure,1011.77,1095.09,1154.61,1237.93,1196.27,1173.75
2025-05-03,PROD,Technology,1364.96,1477.37,1557.66,1670.79,1614.22,1579.52
2025-05-03,PROD,Engineering,1312.57,1420.66,1497.87,1606.65,1552.26,1446.47
2025-05-03,PROD,Infrastructure,1655.34,1791.66,1889.04,2026.23,1957.63,1922.89
2025-05-03,NON-PROD,Technology,629.86,681.73,718.78,770.98,744.88,811.71
2025-05-03,NON-PROD,Engineering,672.21,727.57,767.11,822.82,794.97,885.31
2025-05-03,NON-PROD,Infrastructure,731.84,792.1,835.15,895.81,865.48,826.21
2025-05-04,PROD,Technology,1532.02,1658.19,1748.3,1876.07,1812.19,1916.95
2025-05-04,PROD,Engineering,1461.51,1581.87,1667.85,1789.73,1728.79,1637.5
2025-05-04,PROD,Infrastructure,1364.66,1477.04,1557.32,1671.13,1614.22,1504.26
2025-05-04,NON-PROD,Technology,761.85,824.59,869.41,932.94,901.17,1020.34
2025-05-04,NON-PROD,Engineering,817.02,884.3,932.36,1000.5,966.43,962.47
2025-05-04,NON-PROD,Infrastructure,719.94,779.23,821.58,881.62,851.6,939.5
