2025-02-01,PROD,Technology,1587.34,1718.07,1811.44,1867.46,1839.45,1971.56
2025-02-01,PROD,Engineering,1370.6,1483.47,1564.1,1612.47,1588.28,1772.59
2025-02-01,PROD,Infrastructure,1641.46,1776.64,1873.2,1931.13,1902.16,2095.88
2025-02-01,NON-PROD,Technology,676.53,732.24,772.04,795.91,783.98,746.7
2025-02-01,NON-PROD,Engineering,647.67,701.0,739.1,761.96,750.53,709.27
2025-02-01,NON-PROD,Infrastructure,600.35,649.79,685.1,706.29,695.7,743.51
2025-02-02,PROD,Technology,1550.3,1677.97,1769.17,1824.69,1796.93,1847.24
2025-02-02,PROD,Engineering,1501.34,1624.99,1713.3,1767.07,1740.19,1921.57
2025-02-02,PROD,Infrastructure,1607.14,1739.49,1834.03,1891.59,1862.81,1925.01
2025-02-02,NON-PROD,Technology,802.88,868.99,916.22,944.98,930.6,905.52
2025-02-02,NON-PROD,Engineering,831.35,899.82,948.72,978.5,963.61,898.09
2025-02-02,NON-PROD,Infrastructure,786.68,851.47,897.74,925.92,911.83,954.37
2025-02-03,PROD,Technology,2307.97,2498.04,2633.8,2717.67,2675.74,2514.16
2025-02-03,PROD,Engineering,2305.42,2495.28,2630.89,2714.67,2672.78,2746.03
2025-02-03,PROD,Infrastructure,2267.65,2454.4,2587.79,2670.2,2629.0,2488.08
2025-02-03,NON-PROD,Technology,921.15,997.01,1051.2,1084.67,1067.93,987.37
2025-02-03,NON-PROD,Engineering,922.77,998.77,1053.05,1086.58,1069.81,1093.04
2025-02-03,NON-PROD,Infrastructure,1102.93,1193.76,1258.64,1298.72,1278.68,1200.09
2025-02-04,PROD,Technology,2133.21,2308.89,2434.37,2513.01,2473.69,2752.4
2025-02-04,PROD,Engineering,2175.15,2354.28,2482.23,2562.41,2522.32,2782.0
2025-02-04,PROD,Infrastructure,2144.88,2321.52,2447.69,2526.75,2487.22,2534.99
2025-02-04,NON-PROD,Technology,976.21,1056.6,1114.02,1150.01,1132.02,1215.82
2025-02-04,NON-PROD,Engineering,1138.48,1232.24,1299.21,1341.18,1320.2,1358.82
2025-02-04,NON-PROD,Infrastructure,1037.32,1122.74,1183.76,1222.0,1202.88,1324.54
2025-02-05,PROD,Technology,2297.33,2486.52,2621.66,2707.55,2664.6,2470.19
2025-02-05,PROD,Engineering,1880.75,2035.64,2146.27,2216.58,2181.42,2395.17
2025-02-05,PROD,Infrastructure,2086.06,2257.86,2380.57,2458.55,2419.56,2668.79
2025-02-05,NON-PROD,Technology,1022.7,1106.93,1167.08,1205.32,1186.2,1177.12
2025-02-05,NON-PROD,Engineering,1090.13,1179.91,1244.03,1284.79,1264.41,1326.39
2025-02-05,NON-PROD,Infrastructure,908.2,982.99,1036.42,1070.37,1053.39,1018.82
2025-02-06,PROD,Technology,2168.08,2346.63,2474.17,2556.36,2515.26,2795.46
2025-02-06,PROD,Engineering,1972.32,2134.75,2250.77,2325.53,2288.15,2219.22
2025-02-06,PROD,Infrastructure,2003.91,2168.94,2286.82,2362.78,2324.8,2305.11
2025-02-06,NON-PROD,Technology,1008.35,1091.39,1150.7,1188.93,1169.81,1274.24
2025-02-06,NON-PROD,Engineering,1059.85,1147.13,1209.48,1249.65,1229.57,1231.47
2025-02-06,NON-PROD,Infrastructure,1037.05,1122.46,1183.46,1222.77,1203.12,1113.96
2025-02-07,PROD,Technology,2121.19,2295.87,2420.65,2502.17,2461.41,2295.24
2025-02-07,PROD,Engineering,2374.67,2570.23,2709.92,2801.18,2755.55,2927.72
2025-02-07,PROD,Infrastructure,1979.36,2142.36,2258.79,2334.86,2296.83,2397.43
2025-02-07,NON-PROD,Technology,1075.89,1164.5,1227.78,1269.13,1248.46,1357.51
2025-02-07,NON-PROD,Engineering,1139.28,1233.11,1300.12,1343.91,1322.02,1213.05
2025-02-07,NON-PROD,Infrastructure,886.53,959.54,1011.69,1045.76,1028.73,1137.52
2025-02-08,PROD,Technology,1561.78,1690.4,1782.27,1843.11,1812.69,1958.88
2025-02-08,PROD,Engineering,1320.47,1429.22,1506.89,1558.33,1532.61,1632.5
2025-02-08,PROD,Infrastructure,1638.15,1773.05,1869.42,1933.23,1901.32,2087.98
2025-02-08,NON-PROD,Technology,683.16,739.42,779.6,806.22,792.91,865.1
2025-02-08,NON-PROD,Engineering,686.42,742.95,783.32,810.06,796.69,784.73
2025-02-08,NON-PROD,Infrastructure,762.46,825.25,870.1,899.8,884.95,955.26
2025-02-09,PROD,Technology,1332.07,1441.77,1520.13,1572.71,1546.42,1562.34
2025-02-09,PROD,Engineering,1601.6,1733.49,1827.7,1890.93,1859.32,1866.86
2025-02-09,PROD,Infrastructure,1408.26,1524.23,1607.07,1662.66,1634.87,1624.0
2025-02-09,NON-PROD,Technology,642.41,695.31,733.1,758.46,745.78,703.33
2025-02-09,NON-PROD,Engineering,759.35,821.88,866.55,896.53,881.54,971.77
2025-02-09,NON-PROD,Infrastructure,775.42,839.28,884.89,915.51,900.2,883.55
2025-02-10,PROD,Technology,2330.18,2522.08,2659.15,2752.36,2705.75,2489.81
2025-02-10,PROD,Engineering,2048.24,2216.92,2337.41,2419.34,2378.37,2186.53
2025-02-10,PROD,Infrastructure,2148.88,2325.84,2452.25,2538.2,2495.22,2561.74
2025-02-10,NON-PROD,Technology,1114.54,1206.32,1271.88,1316.46,1294.17,1373.84
2025-02-10,NON-PROD,Engineering,932.04,1008.79,1063.62,1100.9,1082.26,1089.44
2025-02-10,NON-PROD,Infrastructure,1179.16,1276.27,1345.64,1392.8,1369.22,1487.85
2025-02-11,PROD,Technology,1975.82,2138.53,2254.76,2334.82,2294.79,2452.43
2025-02-11,PROD,Engineering,2307.4,2497.42,2633.15,2726.66,2679.91,2852.12
2025-02-11,PROD,Infrastructure,1897.93,2054.24,2165.88,2242.79,2204.33,2328.66
2025-02-11,NON-PROD,Technology,1079.61,1168.52,1232.03,1275.77,1253.9,1373.63
2025-02-11,NON-PROD,Engineering,1186.61,1284.34,1354.14,1402.22,1378.18,1315.82
2025-02-11,NON-PROD,Infrastructure,893.83,967.43,1020.01,1056.23,1038.12,1059.91
2025-02-12,PROD,Technology,2015.5,2181.48,2300.04,2382.77,2341.41,2480.51
2025-02-12,PROD,Engineering,2123.05,2297.89,2422.77,2509.92,2466.35,2535.5
2025-02-12,PROD,Infrastructure,2268.61,2455.43,2588.88,2682.0,2635.44,2416.07
2025-02-12,NON-PROD,Technology,1005.36,1088.15,1147.29,1188.55,1167.92,1224.74
2025-02-12,NON-PROD,Engineering,1039.59,1125.2,1186.36,1229.03,1207.69,1250.26
2025-02-12,NON-PROD,Infrastructure,1085.69,1175.1,1238.96,1283.52,1261.24,1210.24
2025-02-13,PROD,Technology,2090.86,2263.05,2386.04,2472.95,2429.5,2673.91
2025-02-13,PROD,Engineering,2140.74,2317.03,2442.96,2531.95,2487.45,2324.62
2025-02-13,PROD,Infrastructure,2335.56,2527.9,2665.29,2762.37,2713.83,2829.63
2025-02-13,NON-PROD,Technology,1070.27,1158.41,1221.36,1265.85,1243.61,1153.79
2025-02-13,NON-PROD,Engineering,989.14,1070.59,1128.78,1169.9,1149.34,1112.61
2025-02-13,NON-PROD,Infrastructure,896.27,970.09,1022.81,1060.06,1041.44,1111.54
2025-02-14,PROD,Technology,2047.5,2216.11,2336.55,2422.74,2379.64,2378.66
2025-02-14,PROD,Engineering,2320.83,2511.96,2648.48,2746.16,2697.32,2792.11
2025-02-14,PROD,Infrastructure,1973.37,2135.88,2251.96,2335.02,2293.49,2216.6
2025-02-14,NON-PROD,Technology,869.27,940.86,991.99,1028.58,1010.29,958.19
2025-02-14,NON-PROD,Engineering,1008.69,1091.76,1151.09,1193.55,1172.32,1261.7
2025-02-14,NON-PROD,Infrastructure,1170.69,1267.09,1335.96,1385.23,1360.6,1431.09
2025-02-15,PROD,Technology,1368.46,1481.16,1561.65,1619.97,1590.81,1486.88
2025-02-15,PROD,Engineering,1600.67,1732.49,1826.64,1894.86,1860.75,1736.93
2025-02-15,PROD,Infrastructure,1547.88,1675.35,1766.4,1832.36,1799.38,2001.43
2025-02-15,NON-PROD,Technology,636.53,688.95,726.39,753.52,739.95,806.63
2025-02-15,NON-PROD,Engineering,818.39,885.79,933.93,968.81,951.37,972.92
2025-02-15,NON-PROD,Infrastructure,618.27,669.18,705.55,731.9,718.73,796.49
2025-02-16,PROD,Technology,1386.35,1500.52,1582.06,1641.87,1611.97,1677.05
2025-02-16,PROD,Engineering,1331.34,1440.98,1519.3,1576.73,1548.01,1705.16
2025-02-16,PROD,Infrastructure,1515.44,1640.24,1729.39,1794.76,1762.07,1927.97
2025-02-16,NON-PROD,Technology,693.8,750.93,791.74,821.67,806.71,811.55
2025-02-16,NON-PROD,Engineering,756.72,819.04,863.55,896.2,879.88,851.75
2025-02-16,NON-PROD,Infrastructure,662.06,716.58,755.53,784.09,769.81,722.26
2025-02-17,PROD,Technology,1943.21,2103.24,2217.54,2302.38,2259.96,2392.32
2025-02-17,PROD,Engineering,2141.67,2318.04,2444.02,2537.53,2490.77,2741.71
2025-02-17,PROD,Infrastructure,1897.04,2053.27,2164.86,2247.69,2206.27,2280.95
2025-02-17,NON-PROD,Technology,1076.39,1165.03,1228.35,1275.35,1251.85,1350.25
2025-02-17,NON-PROD,Engineering,1172.21,1268.74,1337.7,1388.88,1363.29,1463.66
2025-02-17,NON-PROD,Infrastructure,1160.66,1256.24,1324.51,1375.19,1349.85,1359.39
2025-02-18,PROD,Technology,2368.6,2563.66,2702.99,2807.64,2755.32,2974.25
2025-02-18,PROD,Engineering,2222.57,2405.6,2536.34,2634.54,2585.44,2486.77
2025-02-18,PROD,Infrastructure,1933.8,2093.05,2206.8,2292.24,2249.52,2496.85
2025-02-18,NON-PROD,Technology,863.23,934.32,985.09,1023.23,1004.16,946.99
2025-02-18,NON-PROD,Engineering,1132.53,1225.8,1292.42,1342.46,1317.44,1359.24
2025-02-18,NON-PROD,Infrastructure,1049.34,1135.76,1197.49,1243.85,1220.67,1353.21
2025-02-19,PROD,Technology,1939.4,2099.12,2213.2,2299.91,2256.55,2224.24
2025-02-19,PROD,Engineering,2121.38,2296.09,2420.87,2515.71,2468.29,2392.55
2025-02-19,PROD,Infrastructure,1942.25,2102.2,2216.45,2303.28,2259.86,2510.53
2025-02-19,NON-PROD,Technology,1118.42,1210.52,1276.31,1326.31,1301.31,1255.92
2025-02-19,NON-PROD,Engineering,876.01,948.16,999.69,1038.85,1019.27,1128.82
2025-02-19,NON-PROD,Infrastructure,926.04,1002.3,1056.78,1098.18,1077.48,1173.8
2025-02-20,PROD,Technology,2111.85,2285.76,2409.99,2505.5,2457.75,2741.77
2025-02-20,PROD,Engineering,2314.11,2504.68,2640.81,2745.47,2693.14,2662.71
2025-02-20,PROD,Infrastructure,2181.34,2360.98,2489.29,2587.95,2538.62,2549.39
2025-02-20,NON-PROD,Technology,954.09,1032.66,1088.78,1131.94,1110.36,1234.8
2025-02-20,NON-PROD,Engineering,889.82,963.1,1015.44,1055.69,1035.57,1117.45
2025-02-20,NON-PROD,Infrastructure,1023.79,1108.1,1168.32,1214.62,1191.47,1311.98
2025-02-21,PROD,Technology,1879.37,2034.14,2144.69,2230.68,2187.68,2296.6
2025-02-21,PROD,Engineering,2031.35,2198.64,2318.13,2411.07,2364.6,2309.57
2025-02-21,PROD,Infrastructure,1972.48,2134.92,2250.94,2341.19,2296.07,2388.95
2025-02-21,NON-PROD,Technology,1047.23,1133.48,1195.08,1242.99,1219.04,1173.27
2025-02-21,NON-PROD,Engineering,1108.43,1199.71,1264.91,1315.62,1290.27,1332.08
2025-02-21,NON-PROD,Infrastructure,1120.27,1212.53,1278.43,1329.69,1304.06,1374.72
2025-02-22,PROD,Technology,1590.09,1721.04,1814.58,1888.16,1851.37,1956.52
2025-02-22,PROD,Engineering,1464.24,1584.82,1670.95,1738.71,1704.83,1564.19
2025-02-22,PROD,Infrastructure,1401.6,1517.02,1599.47,1664.33,1631.9,1660.79
2025-02-22,NON-PROD,Technology,721.75,781.19,823.65,857.05,840.35,800.05
2025-02-22,NON-PROD,Engineering,743.45,804.67,848.4,882.81,865.6,795.8
2025-02-22,NON-PROD,Infrastructure,643.03,695.99,733.81,763.57,748.69,811.62
2025-02-23,PROD,Technology,1656.86,1793.31,1890.77,1968.31,1929.54,1922.59
2025-02-23,PROD,Engineering,1516.89,1641.81,1731.04,1802.03,1766.54,1760.01
2025-02-23,PROD,Infrastructure,1565.25,1694.16,1786.23,1859.48,1822.86,1992.32
2025-02-23,NON-PROD,Technology,683.48,739.76,779.97,811.95,795.96,848.14
2025-02-23,NON-PROD,Engineering,796.21,861.78,908.62,945.88,927.25,875.35
2025-02-23,NON-PROD,Infrastructure,679.66,735.63,775.61,807.42,791.52,762.82
2025-02-24,PROD,Technology,1962.76,2124.4,2239.86,2332.74,2286.3,2539.82
2025-02-24,PROD,Engineering,2258.61,2444.62,2577.48,2684.35,2630.91,2540.46
2025-02-24,PROD,Infrastructure,2285.15,2473.34,2607.76,2715.89,2661.82,2763.38
2025-02-24,NON-PROD,Technology,851.83,921.99,972.09,1012.4,992.25,1017.68
2025-02-24,NON-PROD,Engineering,1180.64,1277.87,1347.32,1403.18,1375.25,1491.26
2025-02-24,NON-PROD,Infrastructure,1080.94,1169.96,1233.55,1284.7,1259.12,1263.0
2025-02-25,PROD,Technology,2060.11,2229.77,2350.95,2449.52,2400.24,2534.63
2025-02-25,PROD,Engineering,2153.49,2330.84,2457.52,2560.55,2509.03,2763.49
2025-02-25,PROD,Infrastructure,2279.09,2466.78,2600.84,2709.88,2655.36,2556.67
2025-02-25,NON-PROD,Technology,1097.85,1188.26,1252.84,1305.36,1279.1,1315.29
2025-02-25,NON-PROD,Engineering,1138.63,1232.4,1299.38,1353.85,1326.61,1366.95
2025-02-25,NON-PROD,Infrastructure,946.17,1024.09,1079.75,1125.01,1102.38,1113.06
2025-02-26,PROD,Technology,2190.22,2370.59,2499.43,2605.36,2552.4,2523.83
2025-02-26,PROD,Engineering,2321.28,2512.45,2649.0,2761.27,2705.13,2760.6
2025-02-26,PROD,Infrastructure,1985.19,2148.67,2265.45,2361.46,2313.46,2297.67
2025-02-26,NON-PROD,Technology,887.4,960.48,1012.68,1055.6,1034.14,976.12
2025-02-26,NON-PROD,Engineering,864.2,935.37,986.2,1028.0,1007.1,1097.48
2025-02-26,NON-PROD,Infrastructure,1030.04,1114.87,1175.46,1225.28,1200.37,1209.88
2025-02-27,PROD,Technology,1924.81,2083.32,2196.55,2290.65,2243.6,2198.64
2025-02-27,PROD,Engineering,1930.43,2089.41,2202.96,2297.34,2250.15,2205.16
2025-02-27,PROD,Infrastructure,2187.02,2367.12,2495.77,2602.69,2549.23,2645.0
2025-02-27,NON-PROD,Technology,1157.7,1253.04,1321.14,1377.73,1349.43,1498.13
2025-02-27,NON-PROD,Engineering,1070.07,1158.19,1221.13,1273.45,1247.29,1207.06
2025-02-27,NON-PROD,Infrastructure,862.03,933.02,983.73,1025.87,1004.8,1044.66
2025-02-28,PROD,Technology,2172.24,2351.13,2478.91,2586.24,2532.57,2373.15
2025-02-28,PROD,Engineering,2225.0,2408.24,2539.12,2649.06,2594.09,2764.6
2025-02-28,PROD,Infrastructure,2250.95,2436.32,2568.73,2679.96,2624.35,2441.05
2025-02-28,NON-PROD,Technology,1103.15,1194.0,1258.89,1313.4,1286.15,1359.18
2025-02-28,NON-PROD,Engineering,890.52,963.86,1016.24,1060.25,1038.24,1128.56
2025-02-28,NON-PROD,Infrastructure,856.46,927.0,977.38,1019.7,998.54,1073.26
2025-03-01,PROD,Technology,1545.12,1672.36,1763.25,1840.41,1801.83,1990.89
2025-03-01,PROD,Engineering,1539.6,1666.39,1756.96,1833.84,1795.4,1756.11
2025-03-01,PROD,Infrastructure,1646.07,1781.63,1878.46,1960.65,1919.55,1973.38
2025-03-01,NON-PROD,Technology,600.78,650.25,685.59,715.59,700.59,758.93
2025-03-01,NON-PROD,Engineering,641.59,694.42,732.16,764.2,748.18,696.26
2025-03-01,NON-PROD,Infrastructure,643.54,696.53,734.39,766.52,750.46,787.63
2025-03-02,PROD,Technology,1584.71,1715.22,1808.44,1888.4,1848.42,1973.88
2025-03-02,PROD,Engineering,1436.8,1555.13,1639.64,1712.14,1675.89,1857.81
2025-03-02,PROD,Infrastructure,1408.17,1524.14,1606.97,1678.03,1642.5,1818.39
2025-03-02,NON-PROD,Technology,778.06,842.14,887.91,927.17,907.54,857.87
2025-03-02,NON-PROD,Engineering,632.8,684.91,722.14,754.07,738.1,752.78
2025-03-02,NON-PROD,Infrastructure,697.6,755.05,796.08,831.28,813.68,850.34
2025-03-03,PROD,Technology,2319.6,2510.63,2647.08,2765.33,2706.2,2988.07
2025-03-03,PROD,Engineering,2311.26,2501.6,2637.55,2755.38,2696.47,2675.47
2025-03-03,PROD,Infrastructure,1974.84,2137.47,2253.64,2354.32,2303.98,2452.65
2025-03-03,NON-PROD,Technology,1065.17,1152.89,1215.54,1269.85,1242.7,1393.1
2025-03-03,NON-PROD,Engineering,1076.01,1164.62,1227.92,1282.77,1255.35,1297.74
2025-03-03,NON-PROD,Infrastructure,896.6,970.44,1023.18,1068.89,1046.03,1074.11
2025-03-04,PROD,Technology,1942.99,2103.0,2217.3,2317.37,2267.33,2459.2
2025-03-04,PROD,Engineering,2184.39,2364.28,2492.78,2605.28,2549.03,2403.29
2025-03-04,PROD,Infrastructure,1963.93,2125.66,2241.19,2342.34,2291.76,2197.88
2025-03-04,NON-PROD,Technology,900.46,974.62,1027.59,1073.96,1050.77,1078.79
2025-03-04,NON-PROD,Engineering,1074.27,1162.74,1225.93,1281.26,1253.6,1342.85
2025-03-04,NON-PROD,Infrastructure,1169.46,1265.76,1334.56,1394.79,1364.67,1326.25
2025-03-05,PROD,Technology,2309.49,2499.68,2635.54,2755.69,2695.61,2520.33
2025-03-05,PROD,Engineering,2091.26,2263.48,2386.5,2495.3,2440.9,2641.1
2025-03-05,PROD,Infrastructure,2327.67,2519.36,2656.29,2777.39,2716.84,3011.97
2025-03-05,NON-PROD,Technology,1103.9,1194.81,1259.75,1317.18,1288.47,1206.93
2025-03-05,NON-PROD,Engineering,944.67,1022.47,1078.04,1127.18,1102.61,1143.42
2025-03-05,NON-PROD,Infrastructure,884.44,957.28,1009.31,1055.32,1032.31,1153.67
2025-03-06,PROD,Technology,1986.91,2150.54,2267.42,2371.83,2319.62,2147.49
2025-03-06,PROD,Engineering,2278.38,2466.01,2600.04,2719.76,2659.9,2900.53
2025-03-06,PROD,Infrastructure,2233.11,2417.01,2548.37,2665.72,2607.04,2880.67
2025-03-06,NON-PROD,Technology,1076.57,1165.23,1228.56,1285.13,1256.85,1253.57
2025-03-06,NON-PROD,Engineering,1031.6,1116.56,1177.24,1231.45,1204.35,1327.98
2025-03-06,NON-PROD,Infrastructure,1065.34,1153.07,1215.74,1271.72,1243.73,1146.26
2025-03-07,PROD,Technology,1891.71,2047.5,2158.78,2259.18,2208.98,2114.98
2025-03-07,PROD,Engineering,2318.02,2508.92,2645.28,2768.3,2706.79,2756.58
2025-03-07,PROD,Infrastructure,1871.66,2025.79,2135.89,2235.22,2185.56,2413.32
2025-03-07,NON-PROD,Technology,1068.8,1156.82,1219.69,1276.41,1248.05,1388.18
2025-03-07,NON-PROD,Engineering,1015.61,1099.25,1158.99,1212.89,1185.94,1284.42
2025-03-07,NON-PROD,Infrastructure,1029.32,1114.09,1174.64,1229.27,1201.95,1273.41
2025-03-08,PROD,Technology,1309.26,1417.09,1494.1,1564.27,1529.19,1651.82
2025-03-08,PROD,Engineering,1325.73,1434.9,1512.89,1583.94,1548.41,1617.02
2025-03-08,PROD,Infrastructure,1603.28,1735.31,1829.62,1915.55,1872.59,1791.79
2025-03-08,NON-PROD,Technology,726.5,786.33,829.06,868.0,848.53,927.5
2025-03-08,NON-PROD,Engineering,671.86,727.19,766.72,802.72,784.72,871.97
2025-03-08,NON-PROD,Infrastructure,727.75,787.68,830.49,869.5,850.0,782.35
2025-03-09,PROD,Technology,1600.51,1732.31,1826.46,1913.08,1869.77,2019.62
2025-03-09,PROD,Engineering,1507.2,1631.32,1719.98,1801.55,1760.77,1688.13
2025-03-09,PROD,Infrastructure,1460.36,1580.63,1666.53,1745.56,1706.04,1845.47
2025-03-09,NON-PROD,Technology,697.54,754.99,796.02,833.77,814.89,899.42
2025-03-09,NON-PROD,Engineering,741.51,802.57,846.19,886.32,866.26,891.89
2025-03-09,NON-PROD,Infrastructure,790.91,856.04,902.57,945.37,923.97,868.16
2025-03-10,PROD,Technology,2198.61,2379.67,2509.0,2629.14,2569.07,2705.39
2025-03-10,PROD,Engineering,2286.64,2474.95,2609.46,2734.4,2671.93,2508.82
2025-03-10,PROD,Infrastructure,2342.16,2535.04,2672.82,2800.79,2736.81,2811.06
2025-03-10,NON-PROD,Technology,917.63,993.19,1047.17,1097.31,1072.24,1110.0
2025-03-10,NON-PROD,Engineering,1161.4,1257.05,1325.37,1388.83,1357.1,1425.02
2025-03-10,NON-PROD,Infrastructure,1010.7,1093.93,1153.38,1208.61,1181.0,1186.33
2025-03-11,PROD,Technology,1919.65,2077.74,2190.66,2296.55,2243.61,2502.46
2025-03-11,PROD,Engineering,1927.38,2086.11,2199.48,2305.81,2252.65,2405.02
2025-03-11,PROD,Infrastructure,2015.02,2180.97,2299.5,2410.65,2355.08,2250.68
2025-03-11,NON-PROD,Technology,1027.92,1112.57,1173.04,1229.74,1201.39,1142.76
2025-03-11,NON-PROD,Engineering,1105.99,1197.07,1262.13,1323.14,1292.64,1432.33
2025-03-11,NON-PROD,Infrastructure,1063.16,1150.72,1213.26,1271.9,1242.58,1347.56
2025-03-12,PROD,Technology,2129.64,2305.02,2430.3,2548.89,2489.59,2493.44
2025-03-12,PROD,Engineering,2032.45,2199.83,2319.39,2432.57,2375.98,2484.16
2025-03-12,PROD,Infrastructure,2137.86,2313.92,2439.68,2558.73,2499.2,2326.59
2025-03-12,NON-PROD,Technology,1125.08,1217.74,1283.92,1346.57,1315.24,1370.38
2025-03-12,NON-PROD,Engineering,1078.42,1167.23,1230.67,1290.72,1260.69,1362.17
2025-03-12,NON-PROD,Infrastructure,1019.7,1103.67,1163.65,1220.44,1192.04,1270.91
2025-03-13,PROD,Technology,2341.68,2534.52,2672.27,2803.89,2738.08,2666.89
2025-03-13,PROD,Engineering,1966.14,2128.06,2243.71,2354.23,2298.97,2507.97
2025-03-13,PROD,Infrastructure,2249.71,2434.98,2567.32,2693.77,2630.55,2695.52
2025-03-13,NON-PROD,Technology,1122.31,1214.74,1280.76,1343.84,1312.3,1374.08
2025-03-13,NON-PROD,Engineering,1150.02,1244.73,1312.37,1377.02,1344.69,1342.03
2025-03-13,NON-PROD,Infrastructure,900.86,975.04,1028.04,1078.67,1053.35,1135.68
2025-03-14,PROD,Technology,2213.59,2395.89,2526.1,2651.68,2588.89,2724.59
2025-03-14,PROD,Engineering,2161.38,2339.37,2466.51,2589.13,2527.82,2799.68
2025-03-14,PROD,Infrastructure,2233.33,2417.25,2548.62,2675.32,2611.97,2763.39
2025-03-14,NON-PROD,Technology,1057.19,1144.25,1206.44,1266.42,1236.43,1223.64
2025-03-14,NON-PROD,Engineering,943.5,1021.2,1076.7,1130.22,1103.46,1017.86
2025-03-14,NON-PROD,Infrastructure,1184.73,1282.29,1351.98,1419.19,1385.59,1485.6
2025-03-15,PROD,Technology,1492.38,1615.28,1703.07,1788.52,1745.79,1945.21
2025-03-15,PROD,Engineering,1580.0,1710.12,1803.06,1893.53,1848.3,1995.74
2025-03-15,PROD,Infrastructure,1472.48,1593.74,1680.36,1764.67,1722.51,1818.42
2025-03-15,NON-PROD,Technology,778.53,842.64,888.44,933.01,910.72,959.19
2025-03-15,NON-PROD,Engineering,644.06,697.11,734.99,771.87,753.43,847.87
2025-03-15,NON-PROD,Infrastructure,677.43,733.22,773.07,811.85,792.46,862.8
2025-03-16,PROD,Technology,1362.01,1474.17,1554.29,1632.99,1593.64,1568.49
2025-03-16,PROD,Engineering,1537.7,1664.34,1754.79,1843.63,1799.21,1685.67
2025-03-16,PROD,Infrastructure,1472.02,1593.24,1679.83,1764.88,1722.36,1862.61
2025-03-16,NON-PROD,Technology,763.4,826.27,871.18,915.29,893.23,1004.28
2025-03-16,NON-PROD,Engineering,733.63,794.05,837.2,879.59,858.4,880.49
2025-03-16,NON-PROD,Infrastructure,832.14,900.67,949.62,997.7,973.66,986.03
2025-03-17,PROD,Technology,2040.51,2208.55,2328.58,2447.54,2388.06,2563.65
2025-03-17,PROD,Engineering,1903.74,2060.51,2172.5,2283.49,2227.99,2147.73
2025-03-17,PROD,Infrastructure,1909.71,2066.98,2179.32,2290.66,2234.99,2340.04
2025-03-17,NON-PROD,Technology,861.84,932.82,983.51,1033.76,1008.64,993.31
2025-03-17,NON-PROD,Engineering,1031.75,1116.71,1177.41,1237.56,1207.48,1355.44
2025-03-17,NON-PROD,Infrastructure,966.87,1046.5,1103.37,1159.74,1131.56,1125.82
2025-03-18,PROD,Technology,2167.79,2346.31,2473.83,2601.34,2537.59,2498.02
2025-03-18,PROD,Engineering,2048.75,2217.47,2337.99,2458.5,2398.24,2211.91
2025-03-18,PROD,Infrastructure,2338.1,2530.65,2668.18,2805.72,2736.95,3037.18
2025-03-18,NON-PROD,Technology,1054.94,1141.82,1203.87,1265.93,1234.9,1147.06
2025-03-18,NON-PROD,Engineering,1042.37,1128.21,1189.52,1250.84,1220.18,1143.53
2025-03-18,NON-PROD,Infrastructure,1011.91,1095.24,1154.76,1214.29,1184.53,1257.07
2025-03-19,PROD,Technology,2291.13,2479.82,2614.59,2750.56,2682.57,2643.37
2025-03-19,PROD,Engineering,2010.37,2175.93,2294.19,2413.5,2353.84,2306.31
2025-03-19,PROD,Infrastructure,2076.76,2247.79,2369.95,2493.2,2431.58,2348.88
2025-03-19,NON-PROD,Technology,994.65,1076.57,1135.07,1194.1,1164.59,1230.72
2025-03-19,NON-PROD,Engineering,963.57,1042.92,1099.61,1156.79,1128.2,1094.5
2025-03-19,NON-PROD,Infrastructure,1075.91,1164.52,1227.81,1291.66,1259.73,1414.17
2025-03-20,PROD,Technology,2063.16,2233.07,2354.43,2477.95,2416.19,2497.3
2025-03-20,PROD,Engineering,2254.85,2440.54,2573.18,2708.18,2640.68,2746.87
2025-03-20,PROD,Infrastructure,2249.49,2434.74,2567.06,2701.74,2634.4,2566.56
2025-03-20,NON-PROD,Technology,1185.39,1283.01,1352.74,1423.7,1388.22,1367.32
2025-03-20,NON-PROD,Engineering,1076.57,1165.22,1228.55,1293.01,1260.78,1226.0
2025-03-20,NON-PROD,Infrastructure,957.67,1036.54,1092.88,1150.21,1121.54,1065.56
2025-03-21,PROD,Technology,2335.37,2527.7,2665.07,2806.11,2735.59,3052.49
2025-03-21,PROD,Engineering,1945.95,2106.2,2220.67,2338.19,2279.43,2479.49
2025-03-21,PROD,Infrastructure,2266.06,2452.67,2585.97,2722.82,2654.4,2714.46
2025-03-21,NON-PROD,Technology,947.62,1025.66,1081.4,1138.63,1110.01,1110.03
2025-03-21,NON-PROD,Engineering,1081.41,1170.47,1234.08,1299.39,1266.73,1286.47
2025-03-21,NON-PROD,Infrastructure,919.19,994.89,1048.96,1104.47,1076.71,1001.15
2025-03-22,PROD,Technology,1387.96,1502.26,1583.91,1668.45,1626.18,1546.91
2025-03-22,PROD,Engineering,1382.1,1495.92,1577.22,1661.41,1619.31,1725.26
2025-03-22,PROD,Infrastructure,1395.18,1510.07,1592.14,1677.13,1634.64,1820.98
2025-03-22,NON-PROD,Technology,708.3,766.63,808.29,851.44,829.86,817.19
2025-03-22,NON-PROD,Engineering,733.11,793.48,836.6,881.26,858.93,856.82
2025-03-22,NON-PROD,Infrastructure,673.23,728.67,768.27,809.28,788.78,839.95
2025-03-23,PROD,Technology,1658.59,1795.18,1892.75,1994.65,1943.7,2062.27
2025-03-23,PROD,Engineering,1466.84,1587.64,1673.93,1764.04,1718.98,1768.06
2025-03-23,PROD,Infrastructure,1337.23,1447.35,1526.01,1608.17,1567.09,1458.25
2025-03-23,NON-PROD,Technology,825.99,894.01,942.6,993.34,967.97,976.49
2025-03-23,NON-PROD,Engineering,604.3,654.07,689.62,726.74,708.18,664.78
2025-03-23,NON-PROD,Infrastructure,689.63,746.43,786.99,829.36,808.18,841.22
2025-03-24,PROD,Technology,2128.54,2303.83,2429.04,2560.92,2494.98,2629.6
2025-03-24,PROD,Engineering,1924.41,2082.89,2196.09,2315.32,2255.7,2342.95
2025-03-24,PROD,Infrastructure,2294.55,2483.52,2618.49,2760.66,2689.58,2543.47
2025-03-24,NON-PROD,Technology,1032.86,1117.92,1178.68,1242.68,1210.68,1360.31
2025-03-24,NON-PROD,Engineering,1034.26,1119.44,1180.28,1244.36,1212.32,1295.13
2025-03-24,NON-PROD,Infrastructure,952.86,1031.33,1087.38,1146.43,1116.91,1233.92
2025-03-25,PROD,Technology,2179.03,2358.48,2486.66,2622.81,2554.74,2848.43
2025-03-25,PROD,Engineering,2146.27,2323.02,2449.27,2583.38,2516.33,2469.52
2025-03-25,PROD,Infrastructure,1916.48,2074.31,2187.04,2306.79,2246.92,2080.1
2025-03-25,NON-PROD,Technology,1163.32,1259.13,1327.56,1400.24,1363.9,1272.56
2025-03-25,NON-PROD,Engineering,912.25,987.38,1041.04,1098.04,1069.54,1177.69
2025-03-25,NON-PROD,Infrastructure,983.91,1064.94,1122.81,1184.29,1153.55,1284.78
2025-03-26,PROD,Technology,1971.5,2133.86,2249.83,2374.05,2311.94,2271.49
2025-03-26,PROD,Engineering,2311.43,2501.79,2637.75,2783.39,2710.57,2693.98
2025-03-26,PROD,Infrastructure,1930.25,2089.22,2202.76,2324.38,2263.57,2529.21
2025-03-26,NON-PROD,Technology,1169.97,1266.32,1335.14,1408.85,1372.0,1306.64
2025-03-26,NON-PROD,Engineering,969.94,1049.81,1106.87,1167.98,1137.42,1212.88
2025-03-26,NON-PROD,Infrastructure,894.1,967.73,1020.32,1076.66,1048.49,967.81
2025-03-27,PROD,Technology,2367.67,2562.65,2701.93,2852.34,2777.14,3116.91
2025-03-27,PROD,Engineering,2250.94,2436.31,2568.72,2711.72,2640.22,2888.33
2025-03-27,PROD,Infrastructure,2365.46,2560.26,2699.4,2849.68,2774.54,2952.67
2025-03-27,NON-PROD,Technology,860.47,931.33,981.95,1036.61,1009.28,1038.61
2025-03-27,NON-PROD,Engineering,1125.87,1218.59,1284.81,1356.34,1320.58,1400.99
2025-03-27,NON-PROD,Infrastructure,976.79,1057.23,1114.69,1176.75,1145.72,1106.01
2025-03-28,PROD,Technology,2221.23,2404.15,2534.81,2677.09,2605.95,2729.19
2025-03-28,PROD,Engineering,2361.68,2556.17,2695.09,2846.36,2770.72,3015.06
2025-03-28,PROD,Infrastructure,1901.79,2058.41,2170.28,2292.09,2231.18,2177.51
2025-03-28,NON-PROD,Technology,892.74,966.26,1018.78,1075.96,1047.37,1142.56
2025-03-28,NON-PROD,Engineering,873.24,945.16,996.53,1052.46,1024.49,1043.14
2025-03-28,NON-PROD,Infrastructure,935.62,1012.67,1067.7,1127.63,1097.67,1103.47
2025-03-29,PROD,Technology,1534.7,1661.09,1751.36,1850.47,1800.91,1785.94
2025-03-29,PROD,Engineering,1655.3,1791.62,1888.99,1995.88,1942.44,1814.95
2025-03-29,PROD,Infrastructure,1620.36,1753.8,1849.11,1953.75,1901.43,2015.8
2025-03-29,NON-PROD,Technology,772.38,835.99,881.42,931.3,906.36,855.62
2025-03-29,NON-PROD,Engineering,755.21,817.4,861.83,910.6,886.21,899.95
2025-03-29,NON-PROD,Infrastructure,609.15,659.32,695.15,734.49,714.82,768.45
2025-03-30,PROD,Technology,1385.83,1499.96,1581.48,1671.69,1626.58,1599.11
2025-03-30,PROD,Engineering,1399.38,1514.62,1596.94,1688.04,1642.49,1727.12
2025-03-30,PROD,Infrastructure,1527.18,1652.94,1742.78,1842.19,1792.48,1963.22
2025-03-30,NON-PROD,Technology,792.53,857.79,904.41,956.01,930.21,944.79
2025-03-30,NON-PROD,Engineering,615.99,666.72,702.96,743.05,723.0,802.45
2025-03-30,NON-PROD,Infrastructure,701.35,759.11,800.37,846.03,823.2,828.84
2025-03-31,PROD,Technology,2118.99,2293.5,2418.14,2557.19,2487.67,2703.26
2025-03-31,PROD,Engineering,2146.2,2322.95,2449.2,2590.03,2519.61,2684.89
2025-03-31,PROD,Infrastructure,2188.26,2368.47,2497.19,2640.79,2568.99,2468.27
2025-03-31,NON-PROD,Technology,930.42,1007.04,1061.78,1122.83,1092.3,1097.1
2025-03-31,NON-PROD,Engineering,985.84,1067.03,1125.02,1189.71,1157.36,1105.98
2025-03-31,NON-PROD,Infrastructure,1147.39,1241.88,1309.37,1384.67,1347.02,1315.93
2025-04-01,PROD,Technology,2213.95,2396.28,2526.51,2672.95,2599.73,2715.53
2025-04-01,PROD,Engineering,1961.95,2123.53,2238.93,2368.71,2303.82,2520.88
2025-04-01,PROD,Infrastructure,2293.32,2482.19,2617.09,2768.78,2692.93,2973.36
2025-04-01,NON-PROD,Technology,983.23,1064.2,1122.04,1187.08,1154.56,1217.65
2025-04-01,NON-PROD,Engineering,865.69,936.98,987.91,1045.17,1016.54,974.52
2025-04-01,NON-PROD,Infrastructure,990.23,1071.78,1130.03,1195.52,1162.77,1178.66
2025-04-02,PROD,Technology,2244.19,2429.01,2561.02,2710.63,2635.83,2807.4
2025-04-02,PROD,Engineering,2374.12,2569.63,2709.29,2867.56,2788.42,2762.47
2025-04-02,PROD,Infrastructure,2013.25,2179.05,2297.48,2431.69,2364.58,2527.67
2025-04-02,NON-PROD,Technology,983.18,1064.15,1121.98,1187.53,1154.75,1274.44
2025-04-02,NON-PROD,Engineering,1119.98,1212.21,1278.09,1352.76,1315.43,1405.34
2025-04-02,NON-PROD,Infrastructure,961.79,1041.0,1097.58,1161.69,1129.63,1066.17
2025-04-03,PROD,Technology,2185.14,2365.09,2493.63,2640.45,2567.04,2679.93
2025-04-03,PROD,Engineering,2130.7,2306.17,2431.51,2574.67,2503.09,2756.31
2025-04-03,PROD,Infrastructure,2112.53,2286.51,2410.78,2552.72,2481.75,2381.08
2025-04-03,NON-PROD,Technology,1107.53,1198.73,1263.88,1338.3,1301.09,1202.42
2025-04-03,NON-PROD,Engineering,1175.68,1272.5,1341.65,1420.65,1381.15,1299.63
2025-04-03,NON-PROD,Infrastructure,1173.84,1270.51,1339.55,1418.42,1378.99,1394.07
2025-04-04,PROD,Technology,2365.04,2559.81,2698.93,2859.08,2779.0,3089.94
2025-04-04,PROD,Engineering,2071.76,2242.38,2364.25,2504.53,2434.39,2424.25
2025-04-04,PROD,Infrastructure,2367.68,2562.67,2701.95,2862.27,2782.11,2583.92
2025-04-04,NON-PROD,Technology,1111.57,1203.11,1268.5,1343.76,1306.13,1303.95
2025-04-04,NON-PROD,Engineering,875.24,947.32,998.8,1058.07,1028.44,1137.47
2025-04-04,NON-PROD,Infrastructure,876.49,948.67,1000.23,1059.58,1029.91,968.72
2025-04-05,PROD,Technology,1645.62,1781.14,1877.94,1990.23,1934.08,2149.48
2025-04-05,PROD,Engineering,1511.62,1636.11,1725.03,1828.17,1776.6,1644.51
2025-04-05,PROD,Infrastructure,1630.29,1764.55,1860.45,1971.7,1916.07,2130.34
2025-04-05,NON-PROD,Technology,706.41,764.59,806.14,854.34,830.24,911.66
2025-04-05,NON-PROD,Engineering,617.64,668.51,704.84,746.98,725.91,771.07
2025-04-05,NON-PROD,Infrastructure,761.41,824.11,868.9,920.86,894.88,916.26
2025-04-06,PROD,Technology,1585.05,1715.58,1808.82,1917.8,1863.31,1739.8
2025-04-06,PROD,Engineering,1564.33,1693.15,1785.17,1892.73,1838.95,1937.63
2025-04-06,PROD,Infrastructure,1372.35,1485.37,1566.09,1660.45,1613.27,1629.59
2025-04-06,NON-PROD,Technology,766.23,829.33,874.41,927.09,900.75,1012.85
2025-04-06,NON-PROD,Engineering,710.69,769.22,811.03,859.89,835.46,804.44
2025-04-06,NON-PROD,Infrastructure,647.13,700.43,738.49,782.99,760.74,790.58
2025-04-07,PROD,Technology,2101.77,2274.86,2398.49,2544.1,2471.3,2693.91
2025-04-07,PROD,Engineering,2017.22,2183.34,2302.0,2441.76,2371.88,2600.2
2025-04-07,PROD,Infrastructure,2102.67,2275.83,2399.51,2545.19,2472.35,2581.42
2025-04-07,NON-PROD,Technology,1009.94,1093.11,1152.52,1222.49,1187.5,1241.08
2025-04-07,NON-PROD,Engineering,879.34,951.75,1003.48,1064.4,1033.94,999.59
2025-04-07,NON-PROD,Infrastructure,1175.29,1272.07,1341.21,1422.63,1381.92,1477.61
2025-04-08,PROD,Technology,1987.73,2151.42,2268.35,2407.1,2337.72,2621.97
2025-04-08,PROD,Engineering,2193.82,2374.48,2503.53,2656.67,2580.1,2587.18
2025-04-08,PROD,Infrastructure,2362.64,2557.21,2696.19,2861.11,2778.65,2935.89
2025-04-08,NON-PROD,Technology,967.68,1047.37,1104.29,1171.84,1138.06,1166.04
2025-04-08,NON-PROD,Engineering,892.62,966.13,1018.64,1080.95,1049.8,1154.17
2025-04-08,NON-PROD,Infrastructure,918.51,994.15,1048.18,1112.3,1080.24,1145.6
2025-04-09,PROD,Technology,2214.66,2397.05,2527.32,2683.07,2605.19,2916.44
2025-04-09,PROD,Engineering,1908.98,2066.19,2178.49,2312.74,2245.61,2485.15
2025-04-09,PROD,Infrastructure,1988.74,2152.52,2269.5,2409.36,2339.43,2423.53
2025-04-09,NON-PROD,Technology,903.94,978.39,1031.56,1095.13,1063.35,1187.1
2025-04-09,NON-PROD,Engineering,1168.99,1265.25,1334.02,1416.23,1375.12,1276.38
2025-04-09,NON-PROD,Infrastructure,1098.29,1188.74,1253.34,1330.58,1291.96,1213.66
2025-04-10,PROD,Technology,2314.07,2504.64,2640.76,2804.71,2722.73,2932.68
2025-04-10,PROD,Engineering,2108.85,2282.52,2406.57,2555.98,2481.27,2480.2
2025-04-10,PROD,Infrastructure,2341.13,2533.93,2671.64,2837.51,2754.57,3097.53
2025-04-10,NON-PROD,Technology,871.46,943.23,994.49,1056.23,1025.36,972.32
2025-04-10,NON-PROD,Engineering,876.49,948.67,1000.23,1062.33,1031.28,1102.83
2025-04-10,NON-PROD,Infrastructure,850.93,921.0,971.06,1031.34,1001.2,946.69
2025-04-11,PROD,Technology,1935.81,2095.23,2209.11,2347.27,2278.19,2130.92
2025-04-11,PROD,Engineering,2135.69,2311.57,2437.2,2589.63,2513.41,2488.97
2025-04-11,PROD,Infrastructure,1899.7,2056.14,2167.89,2303.47,2235.68,2296.24
2025-04-11,NON-PROD,Technology,1178.47,1275.52,1344.84,1428.95,1386.9,1395.65
2025-04-11,NON-PROD,Engineering,953.54,1032.07,1088.16,1156.22,1122.19,1135.89
2025-04-11,NON-PROD,Infrastructure,1142.43,1236.51,1303.71,1385.25,1344.48,1338.27
2025-04-12,PROD,Technology,1325.13,1434.25,1512.2,1607.47,1559.84,1481.89
2025-04-12,PROD,Engineering,1454.74,1574.54,1660.11,1764.7,1712.41,1707.2
2025-04-12,PROD,Infrastructure,1484.29,1606.53,1693.84,1800.55,1747.2,1872.92
2025-04-12,NON-PROD,Technology,612.33,662.76,698.78,742.8,720.79,699.93
2025-04-12,NON-PROD,Engineering,817.64,884.98,933.07,991.86,962.46,913.18
2025-04-12,NON-PROD,Infrastructure,787.35,852.19,898.51,955.11,926.81,993.02
2025-04-13,PROD,Technology,1563.76,1692.54,1784.53,1897.77,1841.15,2018.56
2025-04-13,PROD,Engineering,1563.32,1692.07,1784.03,1897.24,1840.63,1783.73
2025-04-13,PROD,Infrastructure,1600.56,1732.37,1826.52,1942.43,1884.48,2071.28
2025-04-13,NON-PROD,Technology,610.47,660.75,696.66,740.87,718.76,730.58
2025-04-13,NON-PROD,Engineering,828.09,896.28,944.99,1004.96,974.98,950.76
2025-04-13,NON-PROD,Infrastructure,765.79,828.86,873.9,929.36,901.63,852.91
2025-04-14,PROD,Technology,2128.87,2304.18,2429.41,2584.69,2507.05,2808.43
2025-04-14,PROD,Engineering,2304.87,2494.68,2630.26,2798.38,2714.32,3000.97
2025-04-14,PROD,Infrastructure,1956.91,2118.07,2233.18,2375.92,2304.55,2561.18
2025-04-14,NON-PROD,Technology,963.61,1042.97,1099.65,1169.94,1134.8,1152.06
2025-04-14,NON-PROD,Engineering,1133.8,1227.17,1293.87,1376.57,1335.22,1387.44
2025-04-14,NON-PROD,Infrastructure,1124.89,1217.53,1283.7,1365.75,1324.72,1302.27
2025-04-15,PROD,Technology,2241.11,2425.67,2557.51,2722.15,2639.83,2719.29
2025-04-15,PROD,Engineering,2268.24,2455.04,2588.47,2755.1,2671.78,2752.99
2025-04-15,PROD,Infrastructure,2240.02,2424.5,2556.26,2720.82,2638.54,2924.16
2025-04-15,NON-PROD,Technology,1148.54,1243.12,1310.69,1395.06,1352.87,1305.74
2025-04-15,NON-PROD,Engineering,947.91,1025.97,1081.73,1151.36,1116.55,1053.47
2025-04-15,NON-PROD,Infrastructure,1057.66,1144.76,1206.97,1284.67,1245.82,1276.44
2025-04-16,PROD,Technology,2260.81,2446.99,2579.98,2747.25,2663.62,2558.3
2025-04-16,PROD,Engineering,2024.07,2190.76,2309.82,2459.57,2384.7,2381.6
2025-04-16,PROD,Infrastructure,2195.72,2376.54,2505.7,2668.15,2586.93,2582.4
2025-04-16,NON-PROD,Technology,874.19,946.18,997.6,1062.28,1029.94,975.78
2025-04-16,NON-PROD,Engineering,1030.92,1115.81,1176.46,1252.73,1214.59,1197.04
2025-04-16,NON-PROD,Infrastructure,1127.49,1220.34,1286.66,1370.08,1328.37,1481.8
2025-04-17,PROD,Technology,2339.91,2532.61,2670.25,2844.6,2757.42,3117.85
2025-04-17,PROD,Engineering,2048.92,2217.66,2338.18,2490.84,2414.51,2380.96
2025-04-17,PROD,Infrastructure,2321.59,2512.78,2649.34,2822.32,2735.83,2662.16
2025-04-17,NON-PROD,Technology,1115.54,1207.41,1273.03,1356.15,1314.59,1358.64
2025-04-17,NON-PROD,Engineering,903.96,978.4,1031.58,1098.93,1065.26,1097.5
2025-04-17,NON-PROD,Infrastructure,879.07,951.47,1003.18,1068.68,1035.93,1051.66
2025-04-18,PROD,Technology,1973.52,2136.05,2252.14,2400.22,2326.18,2618.62
2025-04-18,PROD,Engineering,2284.88,2473.05,2607.45,2778.89,2693.17,2994.93
2025-04-18,PROD,Infrastructure,2284.23,2472.34,2606.71,2778.1,2692.4,2538.85
2025-04-18,NON-PROD,Technology,994.17,1076.05,1134.53,1209.12,1171.82,1086.2
2025-04-18,NON-PROD,Engineering,910.3,985.26,1038.81,1107.11,1072.96,997.64
2025-04-18,NON-PROD,Infrastructure,928.87,1005.37,1060.01,1129.7,1094.85,1126.19
2025-04-19,PROD,Technology,1507.39,1631.52,1720.19,1834.09,1777.14,1909.71
2025-04-19,PROD,Engineering,1385.01,1499.06,1580.54,1685.18,1632.86,1687.41
2025-04-19,PROD,Infrastructure,1349.63,1460.77,1540.16,1642.13,1591.15,1517.86
2025-04-19,NON-PROD,Technology,751.06,812.91,857.09,913.84,885.47,875.05
2025-04-19,NON-PROD,Engineering,827.8,895.97,944.66,1007.2,975.93,934.93
2025-04-19,NON-PROD,Infrastructure,802.11,868.17,915.35,975.96,945.66,945.71
2025-04-20,PROD,Technology,1615.75,1748.81,1843.86,1966.78,1905.32,1873.99
2025-04-20,PROD,Engineering,1412.55,1528.88,1611.97,1719.43,1665.7,1667.6
2025-04-20,PROD,Infrastructure,1421.9,1539.0,1622.64,1730.82,1676.73,1806.47
2025-04-20,NON-PROD,Technology,816.01,883.21,931.21,993.29,962.25,1019.51
2025-04-20,NON-PROD,Engineering,618.92,669.89,706.3,753.38,729.84,801.64
2025-04-20,NON-PROD,Infrastructure,677.15,732.91,772.74,824.26,798.5,826.68
2025-04-21,PROD,Technology,1890.12,2045.78,2156.96,2301.75,2229.35,2515.33
2025-04-21,PROD,Engineering,1922.36,2080.67,2193.75,2341.0,2267.38,2224.64
2025-04-21,PROD,Infrastructure,2227.14,2410.55,2541.56,2712.16,2626.86,2438.63
2025-04-21,NON-PROD,Technology,944.65,1022.44,1078.01,1150.37,1114.19,1034.22
2025-04-21,NON-PROD,Engineering,959.22,1038.21,1094.63,1168.11,1131.37,1077.37
2025-04-21,NON-PROD,Infrastructure,861.37,932.31,982.98,1048.96,1015.97,964.28
2025-04-22,PROD,Technology,2344.13,2537.18,2675.07,2855.86,2765.46,2993.46
2025-04-22,PROD,Engineering,1874.2,2028.54,2138.79,2283.34,2211.06,2212.58
2025-04-22,PROD,Infrastructure,2135.29,2311.14,2436.74,2601.43,2519.08,2609.25
2025-04-22,NON-PROD,Technology,925.23,1001.43,1055.85,1127.21,1091.53,1157.48
2025-04-22,NON-PROD,Engineering,1069.81,1157.91,1220.84,1303.35,1262.1,1305.1
2025-04-22,NON-PROD,Infrastructure,852.04,922.21,972.33,1038.05,1005.19,975.71
2025-04-23,PROD,Technology,2282.01,2469.94,2604.18,2781.37,2692.77,2886.9
2025-04-23,PROD,Engineering,1892.24,2048.07,2159.38,2306.31,2232.85,2088.43
2025-04-23,PROD,Infrastructure,2282.81,2470.81,2605.09,2782.35,2693.72,2609.39
2025-04-23,NON-PROD,Technology,1159.29,1254.76,1322.96,1412.97,1367.97,1281.99
2025-04-23,NON-PROD,Engineering,1175.63,1272.45,1341.6,1432.89,1387.24,1409.58
2025-04-23,NON-PROD,Infrastructure,1063.6,1151.19,1213.75,1296.34,1255.04,1220.52
2025-04-24,PROD,Technology,1943.03,2103.05,2217.34,2369.23,2293.28,2131.62
2025-04-24,PROD,Engineering,2211.79,2393.94,2524.04,2696.94,2610.49,2581.32
2025-04-24,PROD,Infrastructure,2240.39,2424.9,2556.69,2731.82,2644.25,2795.64
2025-04-24,NON-PROD,Technology,982.12,1063.0,1120.77,1197.54,1159.16,1177.34
2025-04-24,NON-PROD,Engineering,940.01,1017.42,1072.71,1146.19,1109.45,1235.19
2025-04-24,NON-PROD,Infrastructure,1152.51,1247.43,1315.22,1405.31,1360.27,1331.53
2025-04-25,PROD,Technology,2308.75,2498.88,2634.69,2816.37,2725.53,2782.7
2025-04-25,PROD,Engineering,2055.32,2224.59,2345.49,2507.23,2426.36,2338.02
2025-04-25,PROD,Infrastructure,2094.54,2267.03,2390.24,2555.07,2472.65,2706.47
2025-04-25,NON-PROD,Technology,994.7,1076.61,1135.12,1213.4,1174.26,1238.06
2025-04-25,NON-PROD,Engineering,925.45,1001.66,1056.1,1128.92,1092.51,1181.92
2025-04-25,NON-PROD,Infrastructure,912.23,987.36,1041.02,1112.81,1076.91,1139.83
2025-04-26,PROD,Technology,1437.96,1556.38,1640.97,1754.88,1697.92,1732.59
2025-04-26,PROD,Engineering,1312.09,1420.14,1497.33,1601.26,1549.3,1634.68
2025-04-26,PROD,Infrastructure,1477.03,1598.67,1685.55,1802.56,1744.06,1778.01
2025-04-26,NON-PROD,Technology,796.75,862.36,909.23,972.35,940.79,949.72
2025-04-26,NON-PROD,Engineering,767.95,831.2,876.37,937.2,906.79,1014.79
2025-04-26,NON-PROD,Infrastructure,817.36,884.67,932.75,997.49,965.12,1014.12
2025-04-27,PROD,Technology,1590.87,1721.88,1815.46,1942.32,1878.89,2057.81
2025-04-27,PROD,Engineering,1516.72,1641.63,1730.85,1851.79,1791.32,1802.63
2025-04-27,PROD,Infrastructure,1492.54,1615.45,1703.25,1822.26,1762.76,1993.56
2025-04-27,NON-PROD,Technology,613.63,664.16,700.26,749.19,724.72,686.52
2025-04-27,NON-PROD,Engineering,819.66,887.17,935.38,1000.74,968.06,980.24
2025-04-27,NON-PROD,Infrastructure,728.97,789.01,831.89,890.02,860.95,910.02
2025-04-28,PROD,Technology,2164.7,2342.96,2470.3,2644.04,2557.17,2468.27
2025-04-28,PROD,Engineering,2077.22,2248.28,2370.47,2537.19,2453.83,2634.98
2025-04-28,PROD,Infrastructure,2168.97,2347.59,2475.17,2649.26,2562.22,2688.53
2025-04-28,NON-PROD,Technology,1119.58,1211.78,1277.64,1367.5,1322.57,1338.09
2025-04-28,NON-PROD,Engineering,870.48,942.17,993.38,1063.24,1028.31,1060.51
2025-04-28,NON-PROD,Infrastructure,1037.19,1122.61,1183.62,1266.86,1225.24,1263.03
2025-04-29,PROD,Technology,2266.46,2453.11,2586.44,2769.53,2677.98,2494.59
2025-04-29,PROD,Engineering,2203.62,2385.09,2514.72,2692.74,2603.73,2475.59
2025-04-29,PROD,Infrastructure,1892.81,2048.69,2160.03,2312.94,2236.49,2280.58
2025-04-29,NON-PROD,Technology,1056.72,1143.75,1205.91,1291.27,1248.59,1339.67
2025-04-29,NON-PROD,Engineering,1106.19,1197.28,1262.35,1351.71,1307.03,1400.66
2025-04-29,NON-PROD,Infrastructure,942.62,1020.25,1075.7,1151.85,1113.78,1175.52
2025-04-30,PROD,Technology,2279.19,2466.89,2600.96,2786.28,2693.62,2835.19
2025-04-30,PROD,Engineering,2293.57,2482.45,2617.37,2803.85,2710.61,2904.43
2025-04-30,PROD,Infrastructure,2099.35,2272.24,2395.73,2566.42,2481.08,2330.22
2025-04-30,NON-PROD,Technology,1124.38,1216.97,1283.11,1374.53,1328.82,1449.98
2025-04-30,NON-PROD,Engineering,912.41,987.55,1041.23,1115.41,1078.32,1145.98
2025-04-30,NON-PROD,Infrastructure,1066.26,1154.07,1216.79,1303.49,1260.14,1422.66
2025-05-01,PROD,Technology,2184.13,2364.0,2492.48,2671.21,2581.84,2432.5
2025-05-01,PROD,Engineering,1994.73,2159.0,2276.34,2439.57,2357.95,2669.18
2025-05-01,PROD,Infrastructure,2260.14,2446.27,2579.22,2764.17,2671.69,3025.54
2025-05-01,NON-PROD,Technology,1129.79,1222.83,1289.29,1381.74,1335.52,1496.22
2025-05-01,NON-PROD,Engineering,892.5,966.0,1018.5,1091.54,1055.02,1135.64
2025-05-01,NON-PROD,Infrastructure,1140.81,1234.76,1301.87,1395.22,1348.54,1255.39
2025-05-02,PROD,Technology,2125.84,2300.91,2425.96,2601.02,2513.49,2669.2
2025-05-02,PROD,Engineering,2117.71,2292.11,2416.68,2591.08,2503.88,2831.46
2025-05-02,PROD,Infrastructure,2057.0,2226.4,2347.4,2516.8,2432.1,2737.94
2025-05-02,NON-PROD,Technology,1175.65,1272.47,1341.62,1438.44,1390.03,1510.78
2025-05-02,NON-PROD,Engineering,1104.11,1195.03,1259.98,1350.91,1305.44,1283.73
2025-05-02,NON-PROD,Infrastructure,851.91,922.07,972.19,1042.34,1007.26,945.15
2025-05-03,PROD,Technology,1642.88,1778.18,1874.82,2010.97,1942.9,1997.67
2025-05-03,PROD,Engineering,1368.86,1481.59,1562.11,1675.55,1618.83,1761.82
2025-05-03,PROD,Infrastructure,1445.34,1564.37,1649.39,1769.17,1709.28,1863.7
2025-05-03,NON-PROD,Technology,735.81,796.4,839.69,900.67,870.18,947.48
2025-05-03,NON-PROD,Engineering,789.62,854.65,901.09,966.53,933.81,955.68
2025-05-03,NON-PROD,Infrastructure,705.79,763.92,805.44,863.93,834.68,786.65
2025-05-04,PROD,Technology,1428.16,1545.77,1629.78,1748.88,1689.33,1742.04
2025-05-04,PROD,Engineering,1554.84,1682.88,1774.34,1904.02,1839.18,2061.57
2025-05-04,PROD,Infrastructure,1475.84,1597.38,1684.19,1807.28,1745.73,1796.97
2025-05-04,NON-PROD,Technology,799.4,865.23,912.25,978.92,945.59,1013.08
2025-05-04,NON-PROD,Engineering,620.09,671.16,707.64,759.35,733.49,689.9
2025-05-04,NON-PROD,Infrastructure,691.08,748.0,788.65,846.28,817.47,804.05
